place_id,nome,endereco,municipio,categoria,avaliacao,numero_avaliacoes,lat,lng,telefone,website
ChIJ-1QfRQAdzpQR_tSt7tvONBI,Casa Laya,"Caminho San Martin - Jardim Independencia, São Vicente - SP, 11380-480, Brasil",São Vicente,casa noturna,4.8,228.0,-23.964431,-46.3692566,(13) 99662-3939,https://www.instagram.com/casa_laya/
ChIJ-7XpwVEdzpQRtY4WNZS8g3M,Porks Praia Grande | Bar de Rock | Chope Artesanal | Comida de Boteco e Porco,"R. Mal. Floriano Peixoto, 52 - Canto do Forte, Praia Grande - SP, 11700-210, Brasil",Praia Grande,bar,4.3,240.0,-24.006056,-46.4066335,(61) 99567-2332,http://linkme.bio/porkspg
ChIJ-7pea3AdzpQRxwAXWzcXo6k,Amsterdã,"R. João B. Robortella, 115 - Catiapoã, São Vicente - SP, 11365-250, Brasil",São Vicente,casa noturna,4.8,23.0,-23.9609694,-46.3937348,(13) 97407-6156,
ChIJ-SETvQUDzpQRHjbdJmQPzWw,Arapuka GastroBar,"R. Azevedo Sodré, 123 - Gonzaga, Santos - SP, 11055-051, Brasil",Santos,bar,4.5,2146.0,-23.9663499,-46.3309207,(13) 3301-3009,
ChIJ-UiZmlIdzpQRwRXHwXbLUAk,Adega Bigode 013,"R. Honduras, 490 - Guilhermina, Praia Grande - SP, 11702-060, Brasil",Santos,adega,5.0,20.0,-24.0107919,-46.428556,(11) 93007-4699,
ChIJ-YxXEhoozpQR6VEU0S28aoQ,Bar Amigos Da Praia,"Av. Gov. Mário Covas Júnior, 9160 - Balneario Regina Maria, Mongaguá - SP, 11730-000, Brasil",Mongaguá,bar,4.4,117.0,-24.1286499,-46.68420649999999,(11) 95366-5521,
ChIJ-ya_NnQdzpQRQkg1IEHM2d0,Capitão Bar,"Av. Pres. Castelo Branco, 1548 - Canto do Forte, Praia Grande - SP, 11700-800, Brasil",Praia Grande,bar,4.2,2017.0,-24.0133225,-46.4149174,(13) 3592-2728,
ChIJ01DX3Icl0JQRDOhfl4jjgRg,Calçadão do Chopp | Bar em Peruíbe,"Av. São João, 252 - Centro, Peruíbe - SP, 11770-290, Brasil",Peruíbe,bar,4.4,51.0,-24.3227395,-46.9975271,,
ChIJ03Ot9RADzpQRAaCBcDapBX4,Cola na Base,"R. Alagoas, 6 - Gonzaga, Santos - SP, 11065-120, Brasil",Santos,bar,4.5,1261.0,-23.9644778,-46.3361273,(13) 97414-2564,https://www.instagram.com/colanabase/
ChIJ06B0SUMdzpQRpJOKEoh5Dj0,Adega Aloha Drinks Sv,"R. Marquês de São Vicente, 310 - Loja 2 - Centro, São Vicente - SP, 11310-180, Brasil",São Vicente,adega,4.2,17.0,-23.9689763,-46.3921398,(13) 99707-6781,
ChIJ07a8AmoDzpQRRMD94Zzy_PY,Coco Beach Bar & Food,"Av. Siqueira Campos, 616 - Boqueirão, Santos - SP, 11045-200, Brasil",Santos,bar,4.7,630.0,-23.9707098,-46.3202828,,http://instagram.com/cocobeachsantos
ChIJ0w-SpQz-0ZQRbROIrnHLcTA,Bendito! bar e lounge,"Praça Dr. Walter Belian, 39 - Jardim Guaiuba, Guarujá - SP, 11420-440, Brasil",Guarujá,Bar/Casa Noturna,4.5,142.0,-24.0132156,-46.2805285,,
ChIJ0w-nypcdzpQR6CZAg-xPZdk,Botecagem Ramalho,"R. João Ramalho, 215 - Centro, São Vicente - SP, 11310-050, Brasil",São Vicente,bar,4.6,478.0,-23.9676729,-46.3802507,(13) 3469-2494,
ChIJ0xHtOEwbzpQRnWjtnOot65Y,Bar & Restaurante Clube do Frango 013 - Cubatão,"Av. Nossa Sra. da Lapa, 1291 - Vila Nova, Cubatão - SP, 11520-060, Brasil",Cubatão,bar,4.7,32.0,-23.9016976,-46.42381959999999,(13) 98189-9322,https://app.menudino.com/clubedofrango013
ChIJ0zd74LEDzpQRDTbiHBrhgJo,Boteco Seu Costa,"R. Paraíba, 56 - Pompéia, Santos - SP, 11065-470, Brasil",Santos,bar,4.7,684.0,-23.9636771,-46.3399334,(13) 3385-0807,https://instagram.com/botecoseucosta?utm_medium=copy_link
ChIJ1-IHuCv9zZQRim7ivfPtU48,Adega Infinity Drink's,"R. Carvalho de Santana, 44 - Jardim Paulista, Bertioga - SP, 11250-402, Brasil",Bertioga,adega,4.6,13.0,-23.8401206,-46.1348966,(13) 99775-0617,https://m.facebook.com/profile.php?id=100063614950321
ChIJ12AdPwL-0ZQRxjq_mXXtYw4,Jamel Estudio & Pub,"R. Adélino Cardoso, 524 - Vila Santa Rosa, Guarujá - SP, 11431-040, Brasil",Guarujá,bar,4.9,420.0,-23.9959961,-46.2799057,(13) 3326-5638,https://instagram.com/jamelestudiopub
ChIJ14eCBSUnzpQRIxCmTOLcEtE,CABANA'S BAR & LOUNGE,"Av. Gov. Mário Covas Júnior, 1679 - Centro, Mongaguá - SP, 11730-000, Brasil",Mongaguá,Bar/Casa Noturna,3.8,284.0,-24.0959289,-46.6197386,(13) 99633-1762,
ChIJ15QCz5odzpQRYDjh5Qmm8H8,Adega Imperador Drinks,"R. Niterói, 19 - Loja 02 - Jardim Independencia, São Vicente - SP, 11380-350, Brasil",São Vicente,adega,4.8,41.0,-23.9612697,-46.3761522,(13) 99732-6442,https://www.ifood.com.br/delivery/sao-vicente-sp/adega-imperador-drinks-jardim-independencia/4452c576-02f0-45bb-8b2c-822bd9501029?utm_medium=share
ChIJ17Zabs8czpQRl5z0XMXoymk,AMUSE Beach Club,"Al. Paulo Gonçalves, 680 - Ilha Porchat, São Vicente - SP, 11320-350, Brasil",Cubatão,casa noturna,4.5,975.0,-23.9805395,-46.3699559,(13) 97401-6107,http://www.amuse.com.br/
ChIJ1w1EfgApzpQRV3OqETYbOAc,Adega Malibu,"R. Santa Tereza, 1855 - Jardim Santana, Mongaguá - SP, 11730-000, Brasil",Mongaguá,adega,5.0,3.0,-24.1149737,-46.6949354,,
ChIJ2-UbWWcDzpQRpvtMAFfETpo,Adega 2N - Conveniência e Tabacaria,"R. Cunha Moreira, 249 - Encruzilhada, Santos - SP, 11050-241, Brasil",Santos,adega,4.8,47.0,-23.9551921,-46.3309226,(13) 99195-8716,https://www.instagram.com/adega2n/
ChIJ20l2fQAZzpQRYn-2djiDZR4,Maxine adega e tabacaria,"R. Larissa Kocner - Ilha bela, Cubatão - SP, 11538-010, Brasil",Cubatão,adega,,,-23.9020609,-46.4425004,,https://www.instagram.com/maxine_adega/profilecard/?igsh=NWZ4c2NpOHExemJm
ChIJ21TpdlQB0pQRWGzzU68to9E,Empório Johnnie Daniels,"Estrada de Pernambuco, 135 - Parque Enseada, Guarujá - SP, 11443-410, Brasil",Guarujá,adega,4.9,20.0,-23.986838,-46.2042499,(13) 97404-1287,https://www.lanchasguaruja.com.br/
ChIJ28bj02n_0ZQRB9P2HnLMicg,Praiô Lounge Bar,"Av. Miguel Estefno, 2661 - Balneario Cidade Atlantica, Guarujá - SP, 11440-533, Brasil",Guarujá,bar,3.7,169.0,-23.9859127,-46.2249869,(13) 99692-3139,https://instagram.com/praio.guaruja
ChIJ2Rzo8Asn0JQRyeq2Fs8Krp8,Adega Ice Beer sua parada obrigatória,"Av. Padre Anchieta - Jangada, Peruíbe - SP, 11770-418, Brasil",Peruíbe,adega,4.8,36.0,-24.3130383,-46.9888619,(13) 99720-8126,https://adegaicebeerperuibe.comercio.net.br/
ChIJ2cC0RuERzpQRMTWxhKGIGLg,Adega Leite Cubatão,"Av. Pedro José Cardoso, 671 - Vila Paulista, Cubatão - SP, 11510-100, Brasil",Cubatão,adega,4.5,30.0,-23.8881098,-46.4267429,(13) 99613-5900,
ChIJ3-54Sm0nzpQRVaWfiWTmLbM,Praça de eventos Dudu Samba,"Av. Dudu Samba, 52-280 - Centro, Mongaguá - SP, 11730-000, Brasil",Mongaguá,casa noturna,4.5,1212.0,-24.0961203,-46.6204556,(11) 98329-4724,
ChIJ30YPZxAp0JQRbM5VMFAaRA0,Casa Roxa Peruíbe,"Av. Padre Anchieta, 10381 - Ruínas, Peruíbe - SP, 11750-000, Brasil",Peruíbe,casa noturna,5.0,8.0,-24.2700419,-46.9359309,(13) 98202-1375,
ChIJ3fgR-LkdzpQRLEc0rvfa1gU,Vegas Food & Drinks,"R. Ten. Durval do Amaral, 349 - Catiapoã, São Vicente - SP, 11390-300, Brasil",São Vicente,bar,3.8,160.0,-23.9597267,-46.3852626,(13) 99653-1553,http://bio.site/ReservasVegas
ChIJ3wYrsdQpzpQRfYTsoUZWlDg,Calientesbarcruising,"Av. Francisco Munhoz Cegarra, 59 - Plataforma II, Mongaguá - SP, 11730-000, Brasil",Mongaguá,casa noturna,5.0,4.0,-24.1335677,-46.7013439,(13) 99602-8056,
ChIJ436UZOYdzpQRHhYnVRuibz8,Aloha Bar Praia,"Av. Duque de Caxias, 273/275 - Boqueirão, Praia Grande - SP, 11700-060, Brasil",Praia Grande,Bar/Casa Noturna,4.6,590.0,-24.0110894,-46.4118848,(13) 98193-7551,https://alohabarpraia.com.br/
ChIJ4436hmEpzpQR6BjgekNdY-I,ButecoFazenda,"R. Ubatuba, 1047 - Loja 2 - Balneario Triesse, Mongaguá - SP, 11730-000, Brasil",Mongaguá,bar,4.8,24.0,-24.12851,-46.6914644,(13) 98108-6870,
ChIJ4602w-UdzpQRXWNjC_RV3gs,Blue House,"Av. Mal. Mallet, 736 - Canto do Forte, Praia Grande - SP, 11700-400, Brasil",Cubatão,casa noturna,4.1,234.0,-24.0110189,-46.4027205,(13) 99791-3335,
ChIJ4XoMLGcp0JQRyCTT11nwI9Y,Palazio,"Av. Padre Anchieta, 10381 - Bal Stella Maris, Peruíbe - SP, 11750-000, Brasil",Peruíbe,casa noturna,5.0,7.0,-24.2700712,-46.93591780000001,(13) 99781-8474,
ChIJ4YcJqxUBzpQRFVHGTIlaAW4,"Adega e Conveniência Star Point, Delivery de Bebidas, Entrega Guarujá","Av. Quatro, 993 - Jardim Sao Miguel, Guarujá - SP, 11440-250, Brasil",Guarujá,adega,,,-23.9812986,-46.2448615,(13) 98162-6406,
ChIJ4ZExKHgDzpQR3cnsdw2lSBs,Mingo Show,"R. Julio de Mesquita, 136 - Vila Matias, Santos - SP, 11075-220, Brasil",Santos,casa noturna,4.3,93.0,-23.9444057,-46.32603169999999,(13) 3224-2952,
ChIJ4bIdQvr7zZQR2fNzHvmY2r8,Adega GH,"BR-101, 930 - Antigo 35 - Jardim Rio da Praia, Bertioga - SP, 11250-000, Brasil",Bertioga,adega,4.9,14.0,-23.8153998,-46.1117685,(11) 99725-8537,https://www.cartao-digital.com/adegaghbertioga/
ChIJ4cEK1h4n0JQRS18J1lJHdhE,Adega Romeo Drinks,"R. Rosa Gatti Fortuna - Estação, Peruíbe - SP, 11750-000, Brasil",Peruíbe,adega,4.0,1.0,-24.3190778,-47.00459499999999,(13) 99805-5690,
ChIJ4x9qsQQm0JQRZecefkmgUtE,Bar Joia,"Av. Padre Anchieta, 3197 - Samburá, Peruíbe - SP, 11750-000, Brasil",Peruíbe,bar,4.4,799.0,-24.307335,-46.9825501,(13) 3455-9738,
ChIJ52abl3sbzpQR4HV8yQQyIWs,Royal Vegas,"Av. 9 de Abril, 3080 - Centro, Cubatão - SP, 11510-001, Brasil",Cubatão,bar,4.6,20.0,-23.8931549,-46.4208914,(13) 97808-1407,https://bit.ly/RoyalVegas_Cubatao
ChIJ53T-uiT-0ZQRJdP5kFJhlNg,Bar da Rio Drink & Food,"R. Rio de Janeiro, 263, garagem, 9 - Barra Funda, Guarujá - SP, 11410-310, Brasil",Guarujá,bar,4.5,246.0,-23.99672,-46.26114260000001,(13) 98823-2411,http://facebook.com/bardariopetiscaria
ChIJ5RDNL-gdzpQR1KUzYSJxgx0,Zero Treze - Bar & Espetaria,"R. Sebastião de Oliveira, 106 - Boqueirão, Praia Grande - SP, 11701-200, Brasil",Praia Grande,bar,4.8,196.0,-24.0062863,-46.4145148,,https://www.instagram.com/zerotrezepg/
ChIJ5Wl3B14ZzpQRXLISzfz62Ns,bar da neia e edu,"rua Larissa Cocker, n 402 - Vila Esperança, Cubatão - SP, 11540-210, Brasil",Cubatão,bar,4.6,20.0,-23.9015297,-46.4425655,,
ChIJ5_JPpBgdzpQRWFeGyR0C_sw,Blackout Adega e Conveniência,"R. Lima Machado, 10 - Centro, São Vicente - SP, 11310-310, Brasil",São Vicente,adega,5.0,20.0,-23.9671264,-46.3898073,(13) 3513-1787,
ChIJ5wxRpdv9zZQR2T9wwcfJ-tg,Buona Birra Cervejaria Artesanal,"Av. Vicente de Carvalho, 575 - Centro, Bertioga - SP, 11250-045, Brasil",Bertioga,bar,4.5,251.0,-23.8542922,-46.135789,(13) 3317-6339,
ChIJ6RqJpagDzpQRmWmmKVqRPp4,Quintal da Véia,"R. Júlio Conceição, 263 - Vila Matias, Santos - SP, 11015-540, Brasil",Santos,bar,4.6,912.0,-23.9515404,-46.3296155,(13) 99794-3856,
ChIJ6VfzUI0FzpQRbigOftSR_aY,Amaterasu Club,"R. José Ricardo, 35 - Centro, Santos - SP, 11010-190, Brasil",Santos,casa noturna,3.8,65.0,-23.9320093,-46.3317168,(13) 98182-0013,https://instagram.com/amaterasuclubsantos?igshid=Zjc2ZTc4Nzk=
ChIJ6Y1d5gP7zZQR8BkZXgxNfUk,Adega Zero Grau,"R. Nicolau Miguel Obeidi, 1214 - Vista Linda, Bertioga - SP, 11258-422, Brasil",Bertioga,adega,4.6,28.0,-23.8060507,-46.07874700000001,(13) 99123-2086,https://www.instagram.com/reel/CeGzGM_vHrL/?igshid=MDJmNzVkMjY=
ChIJ6ZnfhgQn0JQRYynvZi-A2yY,Ateliê das Tranças e Cabelos,"R. Vicente Anselmo, 321 - Residencial Park D'Aville, Peruíbe - SP, 11750-000, Brasil",Peruíbe,casa noturna,3.4,15.0,-24.3113293,-47.0077222,(13) 99784-4074,
ChIJ6arQy64dzpQRWFviXvHMeHo,Barzin da Praia,"Av. Mal. Mallet, 1108 - Canto do Forte, Praia Grande - SP, 11700-400, Brasil",Praia Grande,bar,4.3,1006.0,-24.0073694,-46.40601299999999,(13) 99667-2625,https://m.facebook.com/barzindapraia/
ChIJ6dVov-j_0ZQRELpdP3eeQGU,Tepisco - Melhor Bar do Guaruja,"Av. Venezuela, 55 - Balneario Cidade Atlantica, Guarujá - SP, 11441-240, Brasil",Guarujá,Bar/Casa Noturna,4.5,2058.0,-23.9855525,-46.2244806,(13) 3395-6713,https://m.facebook.com/tepiscoenseada/?locale2=pt_BR
ChIJ6deOM_gn0JQRyxywbpM6NHc,Capriccio Peruíbe,"Av. Padre Anchieta, 2452 - Stella Maris, Peruíbe - SP, 11750-000, Brasil",Peruíbe,Bar/Casa Noturna,4.6,259.0,-24.3123605,-46.9879121,(11) 96379-4112,https://www.instagram.com/capriccioperuibe/
ChIJ6eUITicbzpQRrCdYCR-TUA4,Adega Sete Ondas,"R. Maria do Carmo, 363 - Casqueiro, Cubatão - SP, 11533-040, Brasil",Cubatão,adega,5.0,3.0,-23.9272806,-46.4063028,(13) 99140-7579,
ChIJ79-fJskbzpQRpPXGDXZWpD4,AdegaPub013,"Av. João Francisco Bensdorp, 817 - Cidade Náutica, São Vicente - SP, 11350-011, Brasil",São Vicente,adega,5.0,5.0,-23.9509519,-46.4138293,(13) 99699-1921,
ChIJ792lJRwDzpQRLk6HMqY0dYg,Adega 51,"Av. Bartholomeu de Gusmão, 153 - Loja 1 - Ponta da Praia, Santos - SP, 11030-500, Brasil",Santos,adega,4.9,73.0,-23.986269,-46.3077063,(13) 99697-5151,https://adega51.online/
ChIJ7Xi1DFNnzpQRrWX28bsuFk0,Adega e Tabacaria Jussara,"R. Adrião Dias, 854 - Balneário Cascais, Mongaguá - SP, 11730-000, Brasil",Mongaguá,adega,3.6,9.0,-24.118073,-46.6861555,(41) 99956-5252,
ChIJ7_Y2B3QDzpQRJJzecADJlso,Boteco Seu Tijuca,"Av. Washington Luís, 386 - Gonzaga, Santos - SP, 11055-000, Brasil",Santos,bar,4.8,1810.0,-23.9613275,-46.3283596,(13) 99745-3196,
ChIJ7_YjoGUDzpQRPdErkpb4uXk,Seven o Bar,"Av. Gov. Fernando Costa, 535 - Ponta da Praia, Santos - SP, 11030-180, Brasil",Santos,bar,4.4,87.0,-23.9861052,-46.296646,(13) 98120-7777,https://www.instagram.com/sevenobar
ChIJ7a5EMNAczpQRXlRcW0melEQ,Ilha Porchat Clube,"Alameda Paulo Gonçalves, Alameda paulo Gonsalves, 61 - Ilha Porchat, São Vicente - SP, 11320-350, Brasil",São Vicente,casa noturna,4.4,1456.0,-23.9768931,-46.3710079,(13) 3468-1244,https://www.instagram.com/piscinadoilha?utm_medium=copy_link
ChIJ82XiOe8bzpQR-2JAoVr0f1E,Bar e adega Altas horas,"R. das Azaléias, 203 - Vila Natal, Cubatão - SP, 11538-060, Brasil",Cubatão,bar,4.4,16.0,-23.9001957,-46.433282,(13) 99672-2787,
ChIJ83IR6AsDzpQR9AsoEXTgaXM,472 Bar,"Av. Washington Luís, 472 - Gonzaga, Santos - SP, 11055-000, Brasil",Santos,Bar/Casa Noturna,4.2,1823.0,-23.9650418,-46.3288549,(13) 3326-0472,https://472bar.com.br/
ChIJ87Evz2IdzpQR6jx5TWhrcRM,Adega 013 - Delivery 24h,"R. Jaú, 340 - Canto do Forte, Praia Grande - SP, 11700-270, Brasil",Praia Grande,adega,4.2,84.0,-24.0114802,-46.40644409999999,(13) 98105-2641,
ChIJ8V56w5cp0JQRrHzaNZg6d-8,NM Bar e Restaurante Peruíbe,"Av. Luciano de Bona, 7.465 - Josedy, Peruíbe - SP, 11750-000, Brasil",Peruíbe,bar,4.5,573.0,-24.2779251,-46.95647899999999,(13) 97817-5374,
ChIJ8bMpqBcnzpQRdjNU3wFNZ9s,Barros Beach Bar,"Av. José Cesário Pereira Filho, 1061 - Vila Vera Cruz, Mongaguá - SP, 11730-000, Brasil",Mongaguá,bar,5.0,13.0,-24.0980839,-46.6441852,(11) 93806-4078,
ChIJ8z1QbvMbzpQRiLbKDLxkd0w,Bardega Imperial Cubatao,"R. José Lopes da Silva, 176 - Loja 2 - Jardim Nova Republica, Cubatão - SP, 11534-010, Brasil",Cubatão,adega,4.9,42.0,-23.9209843,-46.4254681,(13) 99125-7265,
ChIJ9TFVyxTxzZQRvuYk4bAW5jM,"La Casita Bar, Surf Shop e miniramp","R. Humberto Novaes, 28 - São Lourenço, Bertioga - SP, 11250-000, Brasil",Bertioga,bar,4.5,260.0,-23.7965356,-45.9990295,,
ChIJ9UTcUPUdzpQRuDZSTq8HOnM,Adega Malandros do Forte,"Av. Mal. Maurício José Cardoso, 327 - Canto do Forte, Praia Grande - SP, 11700-140, Brasil",Praia Grande,adega,5.0,33.0,-24.0108577,-46.4094224,(13) 99125-9066,
ChIJ9bizXn4bzpQRKFcKpvAJh2I,Adega Babilônia 013,"R. Frei Gaspar, 2749 - Parque Sao Vicente, São Vicente - SP, 11340-000, Brasil",São Vicente,adega,4.9,34.0,-23.9569349,-46.4039094,(13) 99193-5944,https://www.instagram.com/adegababilonia013/
ChIJ9cDk6-sDzpQRqf-hhAPUioQ,Hideout Speakeasy,"R. Bahia, 116 - Gonzaga, Santos - SP, 11060-450, Brasil",Santos,casa noturna,4.7,99.0,-23.9627872,-46.3335881,,https://linktr.ee/hideout.speakeasy
ChIJ9cn7LQoazpQRJovL5-WzdKA,Martan Bar,"Av. das Nações Unidas, 282 - Vila Nova, Cubatão - SP, 11520-140, Brasil",Cubatão,bar,4.5,162.0,-23.8957457,-46.4242561,(13) 3371-9033,
ChIJ9eJdIgwr0JQRRSirAdEet28,Distribuidora e Adega Altas Horas,"Av. Marginal - Gaivota, Itanhaém - SP, 11740-000, Brasil",Itanhaém,adega,4.5,50.0,-24.2336192,-46.9017668,(13) 99720-8063,
ChIJ9z4FOhr_0ZQRIaXap_F6CaQ,Villa Rio Guarujá,"R. Rio de Janeiro, 263 - Barra Funda, Guarujá - SP, 11410-310, Brasil",Guarujá,bar,4.0,132.0,-23.9967131,-46.26111359999999,(13) 99162-5060,https://www.instagram.com/villarioguaruja/
ChIJ9ztpXfD_0ZQRBaiTJrP6duY,Casa Das Beauty,"Av. Paulo Matarazzo, 240 - Jardim Virginia, Guarujá - SP, 11442-450, Brasil",Guarujá,casa noturna,4.9,14.0,-23.9828655,-46.2168404,(11) 94468-0734,
ChIJAQAAoAz-0ZQRq2kNCihDcqI,Lucky Scope,"Praça Dr. Walter Belian, 86 - Jardim Guaiuba, Guarujá - SP, 11421-000, Brasil",Guarujá,casa noturna,4.5,1202.0,-24.0131444,-46.2803237,(13) 99770-7848,https://mechamenozap.com.br/luckyscope/
ChIJAVyK3KYo0JQRLnIgjeaqgJM,Bar do Gordo,"Rua Vila Nova, Av. Padre Anchieta, 3845, Peruíbe - SP, 11750-000, Brasil",Peruíbe,bar,4.7,185.0,-24.3036277,-46.9777365,(13) 3453-4847,
ChIJAXH8ttEczpQRPm7uneGiDBE,Restaurante e Choperia Terraço,"Alameda Ari Barroso, 274 - Ilha Porchat, São Vicente - SP, 11320-400, Brasil",São Vicente,bar,4.5,6373.0,-23.9791353,-46.3688346,(13) 3468-7527,http://www.terracochopp.com.br/
ChIJAyFTRwARzpQR0Q0bSyVqt5k,Patrícia curls,"R. Antônio Lemos - Vila Paulista, Cubatão - SP, 11510-110, Brasil",Cubatão,casa noturna,,,-23.8878377,-46.4229816,(13) 98823-1702,
ChIJAztGnZcQzpQRil4qqinwFYQ,Adega do Chico,"R. João Damazo, 144 - Parque Fernando Jorge, Cubatão - SP, 11500-250, Brasil",Cubatão,adega,4.6,80.0,-23.8812219,-46.417545,(13) 99625-5379,
ChIJB2M2NxMnzpQRepHYmkkz6Sk,Adega Labodega Mongagua,"R. Padre Anchieta, 737 - Centro, Mongaguá - SP, 11730-000, Brasil",Mongaguá,adega,4.5,21.0,-24.0949872,-46.6189467,(13) 99156-0990,https://app.anota.ai/magic-smoke?utm_source=portal-share-btn&from=msa
ChIJBSz9rncnzpQRfU0Nb1Mle4I,Adega e Conveniência Avenida,"Av. Monteiro Lobato, 3166 - Aguapeu, Mongaguá - SP, 11730-000, Brasil",Mongaguá,adega,4.5,6.0,-24.0994578,-46.6348305,(13) 99728-1909,https://instagram.com/avenidaconvenienciamongagua?igshid=YmMyMTA2M2Y=
ChIJBY2mCFknzpQR8cNotmS7LmI,Adega em Mongagua,"R. Antônio Cândido, 199 - Vila Anhanguera, Mongaguá - SP, 11730-000, Brasil",Mongaguá,adega,,,-24.1099507,-46.6512188,(13) 99667-6706,
ChIJBbAsagAdzpQRgPH9cOMKe6Y,Adega Da Baronesa,"R. 11 de Junho, 78 - Itararé, São Vicente - SP, 11320-160, Brasil",São Vicente,adega,5.0,1.0,-23.972423,-46.3707031,(13) 99722-0106,
ChIJBc-P9JYdzpQRM6J9xUOO0j8,Chefinho Adega & Tabacaria,"R. Dr. Roberto Shoji, 441 - Boqueirão, Praia Grande - SP, 11701-030, Brasil",Santos,adega,4.0,5.0,-24.0095079,-46.4160035,(11) 99174-4401,
ChIJBw1ocwAnzpQRxvC3cJvxeSk,YZA'BELLAS NIGHT CLUB,"Av. Pres. Kennedy - Vila Caiçara, Praia Grande - SP, 11702-200, Brasil",Mongaguá,casa noturna,,,-24.0443135,-46.5240824,,
ChIJC1EaKZD_0ZQRojjC8pjycD0,Boliche & Pub Enseada,"Av. Miguel Estefno, 3989 - Lot. Joao Batista Juliao, Guarujá - SP, 11440-534, Brasil",Guarujá,casa noturna,4.2,510.0,-23.9849474,-46.2122446,(13) 99727-1715,https://bolichepubenseada.ola.click/
ChIJC3Ws35wrzpQRnbjS_8IHKIM,Di'Bairro Espeto Bar,"Av. Pres. Vargas, 867 - Centro, Itanhaém - SP, 11740-000, Brasil",Itanhaém,bar,4.7,124.0,-24.1841914,-46.7840909,(13) 99658-5561,
ChIJCQKZr2IDzpQRzeYt5jqcnqg,Ta Matete Discoteca e Bar com Espaço Kids,"Av. Ana Costa, 363 - Gonzaga, Santos - SP, 11060-003, Brasil",Santos,casa noturna,4.5,382.0,-23.959864,-46.3315688,(13) 99700-0296,https://tamatete.com.br/
ChIJCfap770o0JQRz6JtrZDvGgE,Choperia Barros Altas Horas,"Av. Padre Anchieta, 5300 - Jardim Imperador, Peruíbe - SP, 11750-000, Brasil",Peruíbe,Bar/Casa Noturna,4.2,1055.0,-24.2946015,-46.9666314,(13) 3456-3564,https://www.fb.com/barrosaltashoras
ChIJD0nS01X7zZQRFBmGPAAGyw8,Adega 97,"Av. Anchieta, 4751 - Jardim Rio da Praia, Bertioga - SP, 11256-110, Brasil",Bertioga,adega,4.6,88.0,-23.8231928,-46.11727519999999,(13) 99788-4188,
ChIJD2W-IAAn0JQRoNNJ6FCD5ck,Deck Beach Bar Peruibe,"Av. Padre Anchieta, 2.491 - Centro, Peruíbe - SP, 11750-000, Brasil",Peruíbe,bar,5.0,3.0,-24.3220895,-46.9979326,,
ChIJD3f4K5kn0JQR24J8rdj4Wcs,Vila 013 Bar,"R. Euclides da Cunha, 171 - Cidade Nova Peruíbe, Peruíbe - SP, 11750-000, Brasil",Peruíbe,Bar/Casa Noturna,4.7,281.0,-24.2972188,-46.9825543,(13) 99763-7463,
ChIJD4V-_JjwzZQRCzgB-Ytz8eg,Jolly Roger Restaurante e Pousada,"R. Deputada Ivete Vargas, 30 - Indaia, Bertioga - SP, 11250-000, Brasil",Bertioga,bar,4.5,1310.0,-23.8158628,-46.0493731,(13) 98185-6071,https://www.instagram.com/restaurantejollyroger/
ChIJD4ePPicAzpQRZoyTHQ8LCJc,Adega Drinks Queiroz,"Zap (13 - 95538-5022 - Jardim Praiano, Guarujá - SP, 11441-070, Brasil",Guarujá,adega,4.3,35.0,-23.9819851,-46.2328457,,
ChIJDVK5o58r0JQROFniZ19iPZI,Adega e Tabacaria Premium,"Av. Clara Martins Zwarg, 941 - Bopiranga, Itanhaém - SP, 11740-000, Brasil",Itanhaém,adega,4.7,95.0,-24.2200149,-46.8658385,(13) 98225-7321,https://m.facebook.com/AdegaeTabacariaPremium
ChIJDXDE2j4bzpQR6MiXFtAxcsw,Casa do Borges,"Praça Januário Estevam de Lara Dantas - Vila Nova, Cubatão - SP, 11525-158, Brasil",Cubatão,casa noturna,5.0,3.0,-23.8992573,-46.4271176,(13) 99743-8093,
ChIJDdDqDaj_0ZQRTmTLiLT-OEc,Adega Manganui,"R. Mario Ribeiro, 200 - Pitangueiras, Guarujá - SP, 11410-191, Brasil",Guarujá,adega,5.0,11.0,-23.9943252,-46.254101,(13) 3329-1107,http://www.instagram.com/adegamanganui
ChIJDflbtRkrzpQRthjEhvxOc9w,Drinks,"Rua Pastor Pedro Viola Antiga rua 34 Guapura, Itanhaém - SP, 11740-000, Brasil",Itanhaém,adega,4.8,19.0,-24.1559426,-46.7882779,(13) 99672-7776,https://www.instagram.com/p/CJjjwG5hQHp/?igshid=dqfv7gq7zh6s
ChIJE4WddfQnzpQRpXBVN5bnjPY,ADEGA GOMES,"R. Elvira Cruz Leal, 215 - Vila Antartica, Praia Grande - SP, 11721-090, Brasil",Mongaguá,adega,4.3,20.0,-24.0098802,-46.4489834,,https://www.instagram.com/adegagomes?igsh=ODA1NTc5OTg5Nw%3D%3D&utm_source=qr
ChIJE4rHRZLV0ZQRD_pXDXnYj5o,Adega VilaSp,"R. Júlio Píres, 295 - Vila São Paulo, Itanhaém - SP, 11740-000, Brasil",Itanhaém,adega,4.9,39.0,-24.1792227,-46.7866166,(13) 98104-4978,
ChIJE70NceIp0JQRirQAmms50Kc,Adega Gela Guela,"Av. Padre Anchieta, 4253 - Cidade Nova Peruíbe, Peruíbe - SP, 11772-032, Brasil",Peruíbe,adega,5.0,47.0,-24.3011071,-46.9746087,(13) 99665-0858,
ChIJE7zwBPv6zZQRRuy7sNJoGmo,Clube Sinuca Bar,"Av. Marginal - Chácara Vista Linda, Bertioga - SP, 11250-000, Brasil",Bertioga,Bar/Casa Noturna,4.4,55.0,-23.8049394,-46.0877293,(13) 98185-9119,
ChIJE8Y9XUgDzpQRapvYnr9_a4E,Adega 72,"R. Teixeira de Freitas, N°04 - Campo Grande, Santos - SP, 11075-720, Brasil",Santos,adega,5.0,28.0,-23.9547218,-46.3411219,(13) 97426-8704,http://www.instagram.com/_adega72
ChIJEZcn6hADzpQRwrYgOhPAglY,Ruskin Arms Pub,"Av. Dr. Epitácio Pessoa, 340 - Aparecida, Santos - SP, 11045-300, Brasil",Santos,bar,4.6,674.0,-23.9770394,-46.3129558,(13) 3227-1147,https://www.instagram.com/ruskinarmspub/
ChIJEbnCWeIDzpQRASZ5krd9BNg,"Jera, Fulvia e Eva","R. Flávio Martins, 175 - Santa Cruz dos Navegantes, Guarujá - SP, 11425-130, Brasil",Guarujá,casa noturna,5.0,1.0,-23.9976431,-46.3008438,,
ChIJEzcMz6gdzpQRkuV-5XZEQvc,No Grau Choperia,"Av. Mal. Mallet, 963 - Boqueirão, Praia Grande - SP, 11701-340, Brasil",Praia Grande,casa noturna,4.3,1089.0,-24.008926,-46.4051141,(13) 99185-6766,
ChIJEzfDxqkpzpQReWyEV7axHc0,Megaam SP,"Av. Gov. Mário Covas Júnior, 10184 - Balneario Itaguaí, Mongaguá - SP, 11730-000, Brasil",Mongaguá,casa noturna,4.0,1.0,-24.1336494,-46.6930613,(13) 99738-5745,https://instagram.com/megaamsp?igshid=OGQ5ZDc2ODk2ZA==
ChIJF-BiSlgXzpQRwYJF3c81LgI,Bar,"Caminho São Leopoldo - Vila Esperança, Cubatão - SP, 11540-320, Brasil",Cubatão,bar,4.1,21.0,-23.9000616,-46.4502868,,
ChIJF-ROx53xzZQR8t7Dvy-fL4g,Adega Da Tetê,"Terceiro Gleba, Bertioga - SP, 11250-000, Brasil",Bertioga,Adega,4.5,117.0,-23.8059336,-46.0552315,(12) 99684-4224,
ChIJF1GKkM8dzpQRSNPKQoD8XcQ,Na Toca,"R. Jacob Emmerich, 795 - Centro, São Vicente - SP, 11310-070, Brasil",São Vicente,bar,4.5,593.0,-23.9659197,-46.3887297,(13) 97413-4660,https://www.facebook.com/natoca.sv/
ChIJF4SwWHkdzpQRnUUhd1Z2Rto,799 BAR & FOOD,"R. Jacob Emmerich, 799 - Centro, São Vicente - SP, 11310-070, Brasil",São Vicente,bar,4.6,40.0,-23.965905,-46.38877,(13) 3466-4471,https://www.facebook.com/799barfood
ChIJF4_G7G0dzpQR3qhS5A2_K5k,Pit Stop Adega Alves,"Av. Pres. Costa e Silva, N°733 - Boqueirão, Praia Grande - SP, 11700-422, Brasil",Praia Grande,adega,5.0,1.0,-24.0069451,-46.4138192,(13) 98806-9050,https://www.facebook.com/AdegaAlvespg/
ChIJFQ_E-hUDzpQR3bBMjX1Cb6U,Ôxe Bar,"Av. Siqueira Campos, 606 - Macuco, Santos - SP, 11045-200, Brasil",Santos,bar,4.5,2220.0,-23.9702883,-46.3202398,,https://www.instagram.com/oxe.outrobar/
ChIJFSlRgdgr0JQRFHagANj-SJ4,Itagelada Adega,"Av. Sorocabana, 3072 - loja 04 - Cibratel II, Itanhaém - SP, 11740-000, Brasil",Itanhaém,adega,4.8,59.0,-24.2055097,-46.8344472,(11) 99609-9513,http://instagram.com/itageladabebidas
ChIJFcR6Z9wDzpQRosjiT3-EUCg,Sobar Conveniência | Delivery de Bebidas,"Av. Oswaldo Cruz, 794 - Parque Estuario (Vicente de Carvalho), Guarujá - SP, 11460-102, Brasil",Guarujá,adega,4.6,102.0,-23.9457141,-46.2926069,(13) 3371-5030,http://www.sobarconveniencia.com.br/
ChIJG1DlwgsqzpQRtNvZI7umKYg,Casa De Batida Caiçara,"Av. Cabuçu, 481 - Nossa Sra. do Sion, Itanhaém - SP, 11740-000, Brasil",Itanhaém,casa noturna,4.2,85.0,-24.1618819,-46.7630264,(13) 99725-0546,
ChIJGRBxRdcl0JQRD5FBuPns5qg,Adega PV,"Av. São João, N° 10 - Loja 4 - Centro, Peruíbe - SP, 11750-000, Brasil",Peruíbe,adega,4.6,35.0,-24.3241631,-46.9955807,(13) 3455-1334,http://instagram.com/adegapv
ChIJGUNryBkDzpQRwF9vppZMyBQ,Adega do Macuco,"R. João Luzo, 66/68 - Macuco, Santos - SP, 11020-270, Brasil",Santos,adega,4.7,38.0,-23.9652794,-46.3056995,(13) 99801-1856,https://instagram.com/adegadomacuco?igshid=YmMyMTA2M2Y=
ChIJGUbA0XnV0ZQR67rsrO921L8,EMPORIUM GASTRO BEER,"Praça Carlos Botelho, 177 - Centro, Itanhaém - SP, 11740-000, Brasil",Itanhaém,bar,4.6,687.0,-24.1830356,-46.7891683,(13) 3427-9300,
ChIJGZiywxIdzpQRXn1ln7bdBAY,Mangute Lounge,"Al. Paulo Gonçalves, 61 - Itararé, São Vicente - SP, 11320-350, Brasil",São Vicente,bar,3.8,118.0,-23.9766672,-46.3713293,(13) 99130-1461,
ChIJGdr35F8dzpQR0BwnmOApcRM,Santo Canto Bar & Espetaria,"Av. Irmãos Adorno, 207 - Sítio do Campo, Praia Grande - SP, 11725-320, Brasil",Praia Grande,bar,4.6,1238.0,-23.9983705,-46.42156689999999,(13) 3329-5300,https://instagram.com/santocantobarpg
ChIJGeHW8DApzpQR-TAGJn3IAhc,garagem madruga,"Av. Jussara, 150 - Balneário, Mongaguá - SP, 11730-000, Brasil",Mongaguá,adega,4.4,18.0,-24.1229479,-46.68024339999999,(13) 99683-7845,
ChIJGeZSS-MdzpQR-x_6VV1Bt2s,Porfs Adega,"Zap (13 - R. Dourados, 62 - 95538-5022 - Boqueirão, Praia Grande - SP, 11701-010, Brasil",Praia Grande,adega,5.0,35.0,-24.0125645,-46.41522490000001,(13) 98152-1360,
ChIJGebZ9goazpQRDpCzyBGm4cc,Muribecas Bar,"R. Primeiro de Maio, 136 - Vila Nova, Cubatão - SP, 11520-135, Brasil",Cubatão,bar,3.9,69.0,-23.8943845,-46.4222586,,
ChIJGzlOABUdzpQRfEvaRdOZWtM,Mestre Kame,"R. Dair Borges, 51 - Boqueirão, Praia Grande - SP, 11701-210, Brasil",Santos,adega,,,-24.006048,-46.4140451,(11) 98922-8623,https://www.instagram.com/adegamestrekameboqueirao?igsh=MWllOWZ3MXNtM2N3MA==&utm_source=qr
ChIJH10bE1AZzpQRDeVRqsu9DBk,Point Boa Opção,"Av. Dep. Ulisses Guimarães, 814 - Jardim Rio Branco, São Vicente - SP, 11347-000, Brasil",São Vicente,casa noturna,,,-23.9811854,-46.4718725,,
ChIJH3-IEa0dzpQRFxmWxWWzHTw,MM Videokê Bar e Música,"Av. Mal. Mallet, 1524 - Canto do Forte, Praia Grande - SP, 11700-400, Brasil",Praia Grande,casa noturna,4.3,1050.0,-24.0040236,-46.408968,(13) 99135-9365,https://m.facebook.com/mmvideoke/?locale2=pt_BR
ChIJH7kuzJIdzpQROiMFipUyOUg,Adega e Tabacaria 2k PG,"R. Dr. Cyro Carneiro, 730 - Guilhermina, Praia Grande - SP, 11702-220, Brasil",Praia Grande,adega,5.0,25.0,-24.0092544,-46.4325286,(11) 99449-0158,https://www.instagram.com/adega2kpg?igsh=dDBzZm16ZDQ0bGlw
ChIJHTi7HzXV0ZQRISMD91EZSxk,Social Coast Lounge Club,"Praça Carlos Botelho, 159 - Centro, Itanhaém - SP, 11740-000, Brasil",Itanhaém,casa noturna,4.2,133.0,-24.1830546,-46.7892728,(13) 99617-3453,
ChIJHVVaDDcczpQRKAle0jBMDPQ,Buteco Sertanejo,"R. Eng. Antonio Lotufo, 974 - Sítio do Campo, Praia Grande - SP, 11725-020, Brasil",Praia Grande,casa noturna,4.8,69.0,-23.9995624,-46.4254042,(13) 99766-4595,
ChIJHZb5iqgo0JQRQagztw68-hw,Totem Beach Bar,"Av. Gov. Mário Covas Júnior, 3735 - São João Batista, Peruíbe - SP, 11750-000, Brasil",Peruíbe,Bar/Casa Noturna,4.7,791.0,-24.3070359,-46.9763104,(13) 99670-3407,
ChIJHbFovPvV0ZQRv_Cap3WT1JU,Adega Semaforo,"R. Ver. Angelino de Bortoli, 18 - Sabaúna, Itanhaém - SP, 11740-000, Brasil",Itanhaém,adega,4.6,30.0,-24.185048,-46.81666999999999,(13) 99626-6109,
ChIJHxAl7CUdzpQRaQDwZ_lKJS8,Canto dos Ursos Club,"Av. Pres. Kennedy, 549 - Boqueirão, Praia Grande - SP, 11701-335, Brasil",Praia Grande,casa noturna,5.0,36.0,-24.0023583,-46.4156454,(13) 98167-3126,http://www.cantodosursos.club/
ChIJHzxW1QonzpQRM479IIa6waI,DE GATTO MUSIC BAR,"Av. São Paulo, 2691 - Vila Ac, Mongaguá - SP, 11730-000, Brasil",Mongaguá,Bar/Casa Noturna,4.5,1157.0,-24.0993367,-46.6293756,(13) 97800-1524,
ChIJI1ZcoAcdzpQRNi_7NeVKnpo,Adega Alves,"R. Marcílio Dias, 55 - Canto do Forte, Praia Grande - SP, 11700-460, Brasil",Praia Grande,adega,4.3,171.0,-24.0063693,-46.3996697,(13) 99720-1654,https://www.lojalocal.com/18846320000122
ChIJId_caQAdzpQRd-LH-DJJIoo,Yza'bellas Night Club,"Av. Pres. Kennedy - Vila Caiçara, Praia Grande - SP, 11702-200, Brasil",Praia Grande,casa noturna,3.0,3.0,-24.0443135,-46.5240824,(13) 99752-1193,
ChIJIyRRL5cn0JQRJ3_3cLe6MwM,Barão da breja,"Av. Padre Anchieta, 3500 - Arpoador, Peruíbe - SP, 11750-000, Brasil",Peruíbe,bar,4.1,478.0,-24.3058561,-46.9800641,(13) 99771-9021,
ChIJJ5onhrIrzpQRuFUIBHT5HUs,50tão Bar & Karaokê,"Estr. Gentil Peres, 195 - Umuarama, Itanhaém - SP, 11740-000, Brasil",Itanhaém,casa noturna,4.6,189.0,-24.1818402,-46.8186719,(13) 97417-2221,http://www.cinquentaobar.com.br/
ChIJJ9jlHwD_0ZQRq8tpURKf7SQ,Casa Rosa 🌹,"R. José Silva Figueiredo, 209 - Jardim Tres Marias, Guarujá - SP, 11440-440, Brasil",Guarujá,casa noturna,,,-23.9833533,-46.2400337,(13) 99729-3113,
ChIJJX-IqhQdzpQRy2i2yM8DrJs,Vixe Bar Mallet,"Av. Mal. Mallet, 1155 - Canto do Forte, Praia Grande - SP, 11700-400, Brasil",Praia Grande,bar,4.8,1660.0,-24.0074891,-46.40627749999999,(13) 99134-2205,https://www.instagram.com/vixebar.pg/
ChIJJcxpMqAfzpQR1qPq1njF2o8,Galpão 13,"R. L. Conserino, 35 - Quietude, Praia Grande - SP, 11718-210, Brasil",Cubatão,casa noturna,3.2,6.0,-24.0163849,-46.4788068,,
ChIJJeUlcqco0JQRb6LemA60bUg,Adega Emporio LITORAL,"Av. Padre Anchieta, 3581 - Arpoador, Peruíbe - SP, 11750-000, Brasil",Peruíbe,adega,4.5,205.0,-24.3051441,-46.97969670000001,(13) 3453-2225,https://instagram.com/_emporiolitoral?igshid=YmMyMTA2M2Y=
ChIJJy4eBzoDzpQR3X3enfhaBsY,S.O.S BEBIDAS em santos,"13 - 992056099José Menino, Santos - SP, 11065-201, Brasil",Santos,adega,4.4,102.0,-23.9679774,-46.3500239,(13) 3219-2497,
ChIJJywPRRwbzpQR7SpPVt4VwiA,Adega Toca do coco,"R. São José, 78 - Vila São José, Cubatão - SP, 11523-050, Brasil",Cubatão,adega,4.8,18.0,-23.9047581,-46.4242043,(13) 99803-7350,
ChIJKT4sC4YDzpQRHQqncRjTi-4,Mariner's Bar,"R. João Octavio, 20 - Paquetá, Santos - SP, 11013-120, Brasil",Santos,casa noturna,4.1,111.0,-23.9354985,-46.3156763,(13) 99116-6269,https://www.facebook.com/MarinersBarSantos/
ChIJKVnzSqUczpQRqY2b8CrRpcM,Surferia Lounge Bar,"R. Niterói, 327 - Jardim Independencia, São Vicente - SP, 11380-350, Brasil",São Vicente,bar,4.8,368.0,-23.9610111,-46.3731996,,
ChIJKWfbEn_V0ZQRuT8LbNb32ks,Adega Point 24h Delivery,"Av. José Batista Campos, 520 - Cidade Anchieta, Itanhaém - SP, 11740-000, Brasil",Itanhaém,adega,5.0,39.0,-24.1770514,-46.7878252,(11) 94193-1529,https://adega-point-24hr.ola.click/products
ChIJKXHNC6cDzpQR9j78YH1Iiio,Cachaça House,"Av. Bernardino de Campos, 293 - Campo Grande, Santos - SP, 11065-003, Brasil",Santos,casa noturna,4.4,146.0,-23.9557194,-46.337374,(13) 98805-2945,https://www.instagram.com/cachacahouse?igsh=dHM2cXh3NHJnZXB4
ChIJKZmSxgIdzpQRVWlktjsSu54,Bar & Adega Point da Praia.,"Av. Embaixador Pedro de Toledo, 507 - Centro - Gonzaguinha, São Vicente - SP, 11320-440, Brasil",São Vicente,bar,4.7,39.0,-23.969876,-46.3833128,(13) 99619-5105,
ChIJL2jzdHEr0JQRn0-tgHyHLgA,Amazonas drinks,"R. Amazonas, 945 - Gaivota, Itanhaém - SP, 11740-000, Brasil",Itanhaém,casa noturna,4.5,2.0,-24.2025772,-46.83713239999999,(13) 99167-4540,
ChIJL9wIxHgbzpQRtOiJeLpIM4c,Adega das Torres,"R. Espanha, 368 - Casqueiro, Cubatão - SP, 11533-140, Brasil",Cubatão,adega,5.0,3.0,-23.9290248,-46.40753249999999,,https://www.instagram.com/adegadastorres?igsh=aDE5NTg2YWZlaXZo
ChIJLRkNjcsp0JQRe_foxjdzZKg,Adega do Bocão,"Estr. dos Índios - Jardim dos Prados, Peruíbe - SP, 11750-000, Brasil",Peruíbe,adega,5.0,10.0,-24.261739,-46.9618377,(13) 99617-6751,
ChIJLSGM0k9ZzpQRrPYiNGA6J90,Adega dos brodinhos,"Av. Pres. Castelo Branco, 2150 - loja 2 adega - Guilhermina, Praia Grande - SP, 11702-255, Brasil",Praia Grande,adega,4.8,16.0,-24.0134549,-46.4214432,(13) 99647-8313,https://instagram.com/adega_dos_brodinhos
ChIJLWI_BgoazpQRa_zoeP1oGgE,Bar Da Laura,"R. Primeiro de Maio, 364 - Vila Nova, Cubatão - SP, 11520-130, Brasil",Cubatão,bar,4.4,178.0,-23.8939408,-46.4243651,(13) 3372-5115,
ChIJLYpsNSsnzpQR8P0zLgi699M,Seu Tuca Lounge Bar,"R. Hermenegildo Barbosa, 327 - Centro, Mongaguá - SP, 11730-000, Brasil",Mongaguá,Bar/Casa Noturna,4.6,295.0,-24.094329,-46.6204034,(13) 98190-9059,https://www.instagram.com/seu_tuca/
ChIJLbkpmj0ozpQRuGfcF4LWgvQ,Bar Bolas,"Av. Nossa Sra. de Fátima, 532 - Balneário Agenor de Campos, Mongaguá - SP, 11730-000, Brasil",Mongaguá,bar,4.6,3197.0,-24.127396,-46.6908486,(13) 3506-1253,
ChIJLwujnnsrzpQR3qG-qOSp_EM,Bar 24 horas,"Oásis, Itanhaém - SP, 11740-000, Brasil",Itanhaém,bar,4.6,10.0,-24.1547601,-46.7909405,(11) 95320-2126,
ChIJM-RzmX76zZQRp0siIWfqCdM,Bar da Carmen e Toninha,"Av. Anchieta, 4661-4743 - Jardim Indaia, Bertioga - SP, 11250-000, Brasil",Bertioga,bar,4.5,285.0,-23.8061827,-46.0606648,(13) 99617-5658,
ChIJM7Qcgxsr0JQR6NW2VvmyVaw,La’Casa Roxa,"R. Colômbia, 1102 - Cibratel - Chácaras, Itanhaém - SP, 11740-000, Brasil",Itanhaém,Bar/Casa Noturna,4.8,22.0,-24.1956684,-46.8342479,(13) 99698-7187,
ChIJM7nQYgARzpQRJAFn-BCNvVg,Casa Mesquita,"R. Rio de Janeiro, 470 - Vila Nova, Cubatão - SP, 11520-050, Brasil",Cubatão,casa noturna,5.0,4.0,-23.8935988,-46.4244692,,
ChIJMab40IQEzpQRwsklELKjY9U,Cadillac Music Bar,"R. S. Bento, 50 - Centro Histórico, Santos - SP, 11010-305, Brasil",Santos,casa noturna,4.5,530.0,-23.9325791,-46.3344047,(13) 99796-2001,http://www.cadillacbar.com.br/
ChIJMyi3xI_V0ZQR0ibTfc89L_k,Toca do Tubarão,"Av. Vicente de Carvalho, 776 - Praia dos Sonhos, Itanhaém - SP, 11740-000, Brasil",Itanhaém,Bar/Casa Noturna,4.5,140.0,-24.1951278,-46.8021682,(13) 99671-1070,http://www.instagram.com/tocadotubarao_
ChIJN3pOn9QdzpQRlTMs8HB_T5w,Marina Club Restaurant,"R. Japão, 205 - Parque Bitaru, São Vicente - SP, 11330-210, Brasil",São Vicente,casa noturna,5.0,1.0,-23.9759012,-46.3972931,,
ChIJNQP_W18fzpQR1To9jYRR4Ws,Tropical Drink's ll,"R. Moacyr de Camargo, 120 - Tupiry, Praia Grande - SP, 11719-050, Brasil",Praia Grande,casa noturna,5.0,4.0,-24.0158174,-46.4687493,(13) 99637-0986,
ChIJNQgzk5cnzpQRGEZNkiLqQsg,Chega +Da Fran Bar E Petiscaria,"Av. São Paulo - 4143Vila Atlântica, Mongaguá - SP, 11730-000, Brasil",Mongaguá,bar,4.7,32.0,-24.1141995,-46.6597427,(13) 99176-8356,
ChIJNXIs-5YDzpQRS8rAZ7uWCb4,Adega Altos Drink's,"R. Luís Gama, 270 - Macuco, Santos - SP, 11015-151, Brasil",Santos,adega,4.8,22.0,-23.9547679,-46.3210329,(13) 99753-1244,
ChIJNcE0qm4dzpQR3C3yzUMI8ik,Adega EL KING HOOKAH,"R. Dr. Roberto Shoji, 288 - Boqueirão, Praia Grande - SP, 11701-030, Brasil",Praia Grande,adega,4.9,53.0,-24.0108866,-46.4155155,(11) 94010-1349,
ChIJNcaHinb8zZQR0TBqipujeJc,Pastel Bertioga - Restaurante & Bar,"Av. Anchieta, 1500 - Centro, Bertioga - SP, 11250-282, Brasil",Bertioga,bar,4.1,2847.0,-23.8427008,-46.1347682,(13) 99690-8689,http://www.pastelbertioga.com.br/?utm_source=google&utm_medium=wix_google_business_profile&utm_campaign=11689729673549950235
ChIJNwrcwuEbzpQRRZmrk4p8S0I,Adega da Frentona,"R. Santa Júlia, 1 - Vila dos Pescadores, Cubatão - SP, 11531-010, Brasil",Cubatão,adega,5.0,3.0,-23.9261756,-46.4022342,(13) 97415-2251,https://www.instagram.com/adegadafrentona01/
ChIJNyfoarTV0ZQRHOxGZB7mDqI,PostoV8_bar,"Av. Harry Forssell, N° 736 - Belas Artes, Itanhaém - SP, 11740-000, Brasil",Itanhaém,bar,4.8,37.0,-24.189454,-46.815879,,https://instagram.com/postov8_bar?igshid=YmMyMTA2M2Y=
ChIJO0okaD__0ZQRx_NmnKScgjs,Barbiritta Guarujá,"Av. Leomil, 772 - Centro, Guarujá - SP, 11410-162, Brasil",Guarujá,bar,4.2,576.0,-23.9966758,-46.26092449999999,,https://www.instagram.com/barbirittaguaruja/
ChIJO1OUO_MRzpQRvDS7bLDKHGU,Estação Flamengo,"R. Mal. Rondon, 57 - Parque Fernando Jorge, Cubatão - SP, 11500-280, Brasil",Cubatão,Bar/Casa Noturna,4.3,43.0,-23.8809847,-46.41611289999999,(13) 99667-1991,
ChIJO3yMbRIRzpQRHB8STEwv7e8,Boteco Guará Vermelho,"R. Antônio Lemos, 155 - Vila Paulista, Cubatão - SP, 11510-110, Brasil",Cubatão,bar,4.5,34.0,-23.8879028,-46.4228205,(13) 99159-3563,
ChIJO534gbwdzpQRxKnld97QQKM,Bar do Capitão,"Av. Capitão-Mor Aguiar, 737 - Centro, São Vicente - SP, 11310-201, Brasil",São Vicente,bar,4.4,258.0,-23.9647649,-46.3918865,(13) 98851-9675,https://instagram.com/bar.docapitao
ChIJO6jvxNEczpQRKR1_wFfJmDU,Espaço Isla Bonita,"Alameda Ari Barroso, 274 A - Ilha Porchat, São Vicente - SP, 11320-400, Brasil",São Vicente,casa noturna,4.6,48.0,-23.9790758,-46.3688961,(13) 3468-6925,
ChIJOQ_r1wgazpQRibY6aAJ3Dvc,Reserva Team Bar,"Av. Cruzeiro do Sul, 130 - Vila Nova, Cubatão - SP, 11525-150, Brasil",Cubatão,Bar/Casa Noturna,4.4,576.0,-23.8990728,-46.4273046,(13) 3371-9849,
ChIJORmyc7IDzpQRZAbnKT8N0s8,Dantas Music Bar,"Av. Sen. Dantas, 401 - Embaré, Santos - SP, 11015-210, Brasil",Santos,bar,4.5,1525.0,-23.9654159,-46.3139748,(13) 3345-5590,https://mechamenozap.com.br/dantas-music-bar/
ChIJOX1p1bb_0ZQRHq23o559ADY,Casa das coelhinhas,"Av. Assis Chateaubriand, 1546 - Jardim Virginia, Guarujá - SP, 11442-150, Brasil",Guarujá,casa noturna,5.0,2.0,-23.9708782,-46.21283589999999,(13) 99623-4400,
ChIJOXmCJ2YfzpQRsO4XcDl8yvI,Goma do Renanzin,"R. Cantor Adoniran Barbosa - Ilha das Caieiras, Praia Grande - SP, 11724-450, Brasil",Cubatão,casa noturna,5.0,2.0,-24.007465,-46.4761638,(11) 98898-5403,
ChIJOYX3BEwBzpQRJrknOjKV18Y,Vegas Club Bar,"R. Belo Horizonte, 15 - Vila Zilda, Guarujá - SP, 11436-080, Brasil",Guarujá,casa noturna,4.6,53.0,-23.9735282,-46.250213,(13) 99734-9154,
ChIJOeojbkOMzZQRsTT5uKjCXZE,Igor Club Liberal,"Av. Deputado Emílio Justo, 1372 - Boracéia, Bertioga - SP, 11271-135, Brasil",Bertioga,Bar/Casa Noturna,4.1,46.0,-23.7443707,-45.8546991,(13) 99618-4123,https://www.instagram.com/igor.club.liberal?igsh=Z2kyNWVjcjJqeDZx
ChIJOzlYXwvxzZQReJVGy_H6JMU,Aadega Riviera,"Centro Comercial UPTOWN RIVIERA LOJA13 - Alameda das Samambais, 2869 - Riviera de São Lourenço, Bertioga - SP, 11261-219, Brasil",Bertioga,adega,4.6,25.0,-23.7903635,-46.0328609,(11) 95582-3355,https://bit.ly/AtendimentoAdega
ChIJP-VaGEYnzpQRwsB5S4eThnQ,013 Lounge,"R. Colômbia, 387 - Vila Vera Cruz, Mongaguá - SP, 11730-000, Brasil",Mongaguá,bar,4.9,15.0,-24.0958639,-46.6501126,,
ChIJP89Ygi0czpQR0J9eGeSMuTE,Nosso Bar Lounge,"Av. Pres. Kennedy, 2130 - Guilhermina, Praia Grande - SP, 11702-200, Brasil",Praia Grande,Bar/Casa Noturna,4.5,2564.0,-24.0071415,-46.4302256,(13) 99728-3866,
ChIJPRUyM8InzpQRm4tc9_86i9Q,Sonzera Beer Pub,"Av. Olindo Tamagnini, 155 - Centro, Mongaguá - SP, 11730-000, Brasil",Mongaguá,Bar/Casa Noturna,5.0,93.0,-24.095579,-46.6231206,(13) 97801-8904,http://www.sonzerabeerpub.com.br/
ChIJPTZuOncpzpQRMQI2-PjVXSw,Empório Rainha do Mar,"Av. Tiradentes, 11053 - Balneário Flórida Mirim, Mongaguá - SP, 11730-000, Brasil",Mongaguá,casa noturna,4.6,114.0,-24.1364509,-46.7042337,(13) 99196-3426,
ChIJPwkyeTQFzpQRk6LFowjRv08,Nosso Bar History,"R. Gonçalves Dias, 16 - Centro, Santos - SP, 11010-160, Brasil",Santos,Bar/Casa Noturna,4.6,2179.0,-23.9329009,-46.3323321,(13) 99789-9900,
ChIJPy8usGH_0ZQRQT7b8QK2cTk,SEGUE O BAILE Adega e Tabacaria,"Av. Atlântica, 983 - Balneario Cidade Atlantica, Guarujá - SP, 11460-512, Brasil",Guarujá,adega,4.5,20.0,-23.976605,-46.2228703,(13) 99784-2561,
ChIJQ8q8--so0JQRkUHlubihsps,Adega Trevo Peruibe Loja 01,"Av. Padre Anchieta, 6661 - São José, Peruíbe - SP, 11750-000, Brasil",Peruíbe,adega,4.7,92.0,-24.2861091,-46.9566332,(13) 99705-9244,
ChIJQT0yI4jVz5QRnT1PGCIbktY,K-verna Drinks,"Francisco Rodrigues Gomes - Umuarama, Itanhaém - SP, 11740-000, Brasil",Itanhaém,bar,5.0,37.0,-24.1767026,-46.8348932,(13) 99647-0453,https://www.instagram.com/adega_kverna/
ChIJQWLC1LUnzpQRnTMW-7UdiCE,Whiskrytório Bar,"R. Cap. Balduíno, 88 - Centro, Mongaguá - SP, 11730-000, Brasil",Mongaguá,bar,5.0,11.0,-24.0947957,-46.6188626,,
ChIJQWZ349MdzpQR747Te0MMlOU,Pokas bar,"R. Jacob Emmerich, 694 - Centro, São Vicente - SP, 11310-070, Brasil",São Vicente,bar,4.4,23.0,-23.9662102,-46.3875334,(13) 99689-1167,
ChIJQZU7EQ8dzpQRAP7xhuq3BTM,Adega São Paulo - Delivery de Bebidas,"Zap (13 - 95538-5022 - Boqueirão, Praia Grande - SP, 11701-380, Brasil",Bertioga,adega,4.4,37.0,-24.0093429,-46.4185261,(13) 97415-0056,
ChIJQ_LaOisn0JQRYEQby9LiIL4,Adega Geladão Peruíbe,"Av. Padre Anchieta, 2921a - Bal Stella Maris, Peruíbe - SP, 11750-000, Brasil",Peruíbe,adega,4.8,128.0,-24.3091592,-46.9848659,(13) 99690-3353,
ChIJQaUK5WAn0JQR3DOMRTloiT0,Toca da Onça Cerveja Artesanal,"Av. 24 de Dezembro, 478 - Centro, Peruíbe - SP, 11750-000, Brasil",Peruíbe,Bar/Casa Noturna,4.9,105.0,-24.3202305,-47.0046647,(13) 97418-6698,
ChIJQe0I5Fgn0JQRzpNWCXGOgQY,Adega VP,"R. 5, N° 120 - Vila Peruibe, Peruíbe - SP, 11750-000, Brasil",Peruíbe,adega,4.9,15.0,-24.2566227,-46.9874957,(13) 99125-2996,
ChIJQwv7-J0czpQRJyO2xE3o6O4,Bar e Restaurante da Marcia,"Av. Pérsio de Queirós Filho, 768 - Catiapoã, São Vicente - SP, 11370-300, Brasil",São Vicente,bar,4.6,486.0,-23.9565936,-46.3868152,(13) 97404-2008,https://pedir.delivery/restaurantemarciapezao
ChIJQyZsJmwBzpQRuu6gTU3tkT8,Esquina da Villa bar&cozinha,"Alameda das Violetas, 219 - Vila Santo Antônio, Guarujá - SP, 11432-270, Brasil",Guarujá,bar,4.9,55.0,-23.9847961,-46.2695702,(13) 98140-8212,
ChIJR-2qiXpnzpQRBH1-W0L1KYg,Bar da Kelly,"R. Honduras, 450 - Vila Vera Cruz, Mongaguá - SP, 11730-000, Brasil",Mongaguá,bar,4.8,15.0,-24.0977617,-46.64425780000001,(11) 97719-5416,
ChIJR27RhcYB0pQRCq6sLgP8WTg,Flamingo Restaurante Bar,"Av. Miguel Estefno, 4710 - Lot. Joao Batista Juliao, Guarujá - SP, 11440-534, Brasil",Guarujá,Bar/Casa Noturna,4.2,253.0,-23.9874564,-46.2052689,(13) 3395-8881,https://www.instagram.com/flamingorestaurantebar/
ChIJR7t0BQoazpQRmWGmNr-XrhM,Bar Do Cici,"R. Primeiro de Maio, 361 - Vila Nova, Cubatão - SP, 11520-130, Brasil",Cubatão,bar,4.5,185.0,-23.8941603,-46.4243606,,
ChIJRRFaUi4dzpQRHZ_wf9mcbd0,Adega Dragões,"R. Martim Afonso, 19 - Centro, São Vicente - SP, 11310-901, Brasil",São Vicente,adega,3.4,5.0,-23.9691013,-46.387123,(13) 99115-6162,https://www.instagram.com/dragoesadega/
ChIJRTFDiL4DzpQRh1dPlxUk1fE,London Club Santos,"R. Azevedo Sodré, 130 - Gonzaga, Santos - SP, 11055-051, Brasil",Santos,casa noturna,4.6,26.0,-23.9658872,-46.3305573,(13) 99798-0000,https://www.instagram.com/londonclubsantos/
ChIJRUnghHb8zZQRo2TpYe0hev8,Chopp Germânia Bertioga,"R. Henrique Montes, 485 - Centervalle, Bertioga - SP, 11250-000, Brasil",Bertioga,bar,4.5,187.0,-23.8425293,-46.13558039999999,(13) 3316-2557,
ChIJS3gNBroczpQRgRyQ4JWcYoI,Gê Adega,"Av. Monteiro Lobato, 256 - Vila Valenca, São Vicente - SP, 11380-500, Brasil",São Vicente,adega,4.8,30.0,-23.9650503,-46.3723296,(13) 97407-7503,https://www.instagram.com/geadegavilavalenca/
ChIJS3hMABwBzpQRwrENqsOTmLw,Altas Horas Delivery,"WHATSAPP & CELL ( ‪- 13 - Av. Manuel Albino, 61 - 98150-5098 - Vila Santa Rosa, Guarujá - SP, 11431-030, Brasil",Guarujá,adega,3.8,11.0,-23.9914356,-46.2802736,(13) 98179-1773,https://pedidos.deliveryplug.com.br/#/altas-horas-delivery/home
ChIJS49qcB7xzZQRckkAeIruAwY,Jr Tabacaria e Adega,"Av. Anchieta, 11460 - Jardim Indaia, Bertioga - SP, 11260-354, Brasil",Bertioga,adega,4.2,19.0,-23.8068033,-46.054435,(13) 97422-5811,https://rivierapods.kyte.site/
ChIJSbJWeWwl0JQR6LqFdGOIcng,Santo Caiçara,"R. Rachel Khoury Duboc de Almeida, 95 - Jd Guarau, Peruíbe - SP, 11750-000, Brasil",Peruíbe,Bar/Casa Noturna,4.8,285.0,-24.3344984,-47.0036162,,https://instagram.com/santocaicara.bar?igshid=MWZjMTM2ODFkZg==
ChIJT-ouG22MzZQRBSHRPVzDJIQ,Bar Da Nice,"R. Comendador Lino Frescht, 245-327 - Balneário Mogiano, Bertioga - SP, 11250-000, Brasil",Bertioga,bar,4.1,87.0,-23.753659,-45.8487069,,
ChIJT7zjyOAnzpQRPyfjoNwKuQc,Adega e Tabacaria Zero Treze,"Atendimento Via WhatsApp - R. Francisco de Morães, 267(13 - 99626-9289 - Jardim Sao Francisco, Mongaguá - SP, 11730-000, Brasil",Mongaguá,adega,4.6,37.0,-24.1134145,-46.666462,(13) 97411-6072,
ChIJTSBqRAwDzpQR-zBaGEq_wtM,Dalapa Botequim,"Av. Mal. Deodoro, 18 - Gonzaga, Santos - SP, 11060-401, Brasil",Santos,bar,4.9,768.0,-23.9666667,-46.3333333,(13) 97417-4549,http://www.instagram.com/dalapabotequim
ChIJTSwa8qQpzpQRxJAic5XsTZU,Na Rua de Casa,"R. Adrião Dias, 927 - Balneario Jussara, Mongaguá - SP, 11730-000, Brasil",Mongaguá,casa noturna,4.8,4.0,-24.1178072,-46.6868576,(13) 98213-4290,
ChIJTZDIqxodzpQRPs1hS2t2Kis,Resenhas Lounge Bar,"Av. Mal. Mallet, 1190 - Canto do Forte, Praia Grande - SP, 11700-400, Brasil",Praia Grande,Bar/Casa Noturna,4.2,572.0,-24.0065334,-46.4066127,(13) 99600-0859,
ChIJT_7BC_YZzpQR0gLQndyMRMA,Continental Music Hall,"Av. Dep. Ulisses Guimarães, 439 - Rio Branco, São Vicente - SP, 11347-000, Brasil",São Vicente,casa noturna,4.8,4.0,-23.9776607,-46.4759463,,
ChIJU2ma_kkB0pQRWIHQdgYIJn8,Cafe de La Musique,"Hotel Jequitimar Av - Av. Marjory da Silva Prado, 1100 - 2ºandar - Balneario Praia do Pernambuco, Guarujá - SP, 11444-000, Brasil",Guarujá,casa noturna,2.4,89.0,-23.9695428,-46.1870844,,
ChIJU5DmELkBzpQRXeEvWg9TJQ4,Adega & Tabacaria dos Amigos,"Zap (13 - 95538-5022 - Jardim Belmar, Guarujá - SP, 11441-000, Brasil",Guarujá,adega,4.6,57.0,-23.9817784,-46.2335898,(13) 99206-4747,
ChIJU7GYtnQm0JQRdeo8ecOg7I8,CALÇADÃO PETISCAR BAR,"Av. São João, 252 - Centro, Peruíbe - SP, 11750-000, Brasil",Peruíbe,bar,4.6,164.0,-24.3227289,-46.9975426,,https://www.facebook.com/galpaobarperuibe/
ChIJUV3iBp0bzpQR3-O15gGz-Jw,Forró Do Alemão,"Parque Sao Vicente, São Vicente - SP, 11360-300, Brasil",Cubatão,casa noturna,4.8,13.0,-23.9504437,-46.4028748,,
ChIJUVDk8eMnzpQRtvwnQ1LuXz0,Quiosque da Ponte,"Av. Olindo Tamagnini, 300 - Centro, Mongaguá - SP, 11730-000, Brasil",Mongaguá,bar,4.8,101.0,-24.093671,-46.6228546,,
ChIJUyq64w8l0JQRi_HUTaLUmlE,Adega do 7,"Av. Comendador Elvino Malagoli - Q.ta do Guarau, Peruíbe - SP, 11750-000, Brasil",Peruíbe,adega,4.6,7.0,-24.3632042,-47.0162692,(13) 98107-7151,https://instagram.com/adegado_7_?igshid=YmMyMTA2M2Y=
ChIJV-9eGJwp0JQRFq00up0sNbk,Lounge dos Magnatas,"Av: Marginal II 11940 - Balneario Gaivotas, Itanhaém - SP, 11740-000, Brasil",Itanhaém,casa noturna,5.0,5.0,-24.2347151,-46.9033775,(13) 99666-1149,
ChIJV1Ygv8YpzpQRgOLJ-HEjt5E,Tropical music lounge,"Av. Marginal - gaivota 2, Itanhaém - SP, 11740-000, Brasil",Itanhaém,casa noturna,,,-24.1501486,-46.7322706,(13) 99630-5831,
ChIJVQ2Wt-_6zZQRobVyAHl1UFg,Adega Moraes,"R. Dr. Lincolin Bolívar Neves, 550 - Bairro Chácaras, Bertioga - SP, 11259-090, Brasil",Bertioga,adega,4.7,42.0,-23.7989988,-46.0831933,(13) 99638-2918,
ChIJVRu3OJcpzpQRd7AiZij_UNQ,Terra Molhada,"R. José Bonifácio - Parque Balneario Comodoro, Mongaguá - SP, 11730-000, Brasil",Mongaguá,casa noturna,5.0,2.0,-24.1090929,-46.7062951,(13) 98804-2099,
ChIJVbV3ivL6zZQRdlScRSX5mqc,Adega Mix e Diego santos,"R. Aprovada 613 - Jardim Rafael, Bertioga - SP, 11250-000, Brasil",Bertioga,adega,4.6,14.0,-23.8005598,-46.0778127,(13) 99781-7274,
ChIJVdHIPPwBzpQRHL36x2RwszQ,Salinas Bar,"Av. Manuel Albino, 47 - Jardim Helena Maria, Guarujá - SP, 11431-030, Brasil",Guarujá,bar,4.5,624.0,-23.9912379,-46.280623,(13) 97422-8573,https://instagram.com/salinasbarguaruja
ChIJVe9lAlYnzpQR9ZLHIAHN5dg,Adega Santo Gole,"Av. Marina, 690 - Centro, Mongaguá - SP, 11730-000, Brasil",Mongaguá,adega,4.8,6.0,-24.0948917,-46.62349709999999,(11) 99679-7291,
ChIJVetPdVP_0ZQRGRLl9p82oLc,Adega do Léo,"Alameda das Palmas, 181 - Jardim Primavera, Guarujá - SP, 11432-230, Brasil",Guarujá,adega,4.4,51.0,-23.9883763,-46.2663,(13) 3062-4293,
ChIJVfeQrHcRzpQRD6fn3n_cf4s,Casa do Norte,"R. Francisco Roman Torres Filho - Jardim Sao Francisco, Cubatão - SP, 11500-710, Brasil",Cubatão,casa noturna,4.6,25.0,-23.880391,-46.41341389999999,,
ChIJVw0TC5jxzZQRESxYusJhD0M,Adega e Tabacaria Hermanos,"Av. Lucas da Cruz Carvalho, 759 - Indaiá, Bertioga - SP, 11260-030, Brasil",Bertioga,adega,4.9,113.0,-23.8059853,-46.0546577,(13) 99643-8624,
ChIJVx64iC3_0ZQRk1-qfs3-BRE,yellow nigth house,"Av. Manoel Alves de Moraes, 188 - casa amarela, Guarujá - SP, 11441-105, Brasil",Guarujá,casa noturna,5.0,4.0,-23.9769221,-46.22878499999999,(13) 99757-7447,
ChIJVzelPjMFzpQRIP5-tcF8Cbg,Cathedral Santos Lounge & Beer,"R. Braz Cubas, 34 - Centro, Santos - SP, 11013-160, Brasil",Santos,casa noturna,4.1,108.0,-23.9340946,-46.3244858,(13) 97408-3840,
ChIJVzyiWPIn0JQRf4wI-Ngy4KU,Adega J&D,"Av. Padre Anchieta, 1950 - Balneário Stella Maris, Peruíbe - SP, 11750-000, Brasil",Peruíbe,adega,4.4,44.0,-24.3158837,-46.99140329999999,(77) 99824-8644,http://instagram.com.br/adegajdperuibe
ChIJW1TUDuEl0JQRKV_jH86SgIQ,Cannil Club Video Bar,"Av. Gov. Mário Covas Júnior, 799 - Centro, Peruíbe - SP, 11750-000, Brasil",Peruíbe,Bar/Casa Noturna,4.3,798.0,-24.3261107,-46.9968677,(13) 3455-2300,https://www.facebook.com/balada.cannilclub
ChIJW4zUeSj_0ZQRC_16MSzlUTI,Adega Coroados,"Zap (13 - Av. Assis Chateaubriand, 1067 - 95538-5022 - Jardim Virginia, Guarujá - SP, 11442-150, Brasil",Guarujá,adega,4.9,74.0,-23.9760354,-46.2129713,(13) 98814-5243,https://delivery.yooga.app/adega-coroados
ChIJW5PfQlwpzpQRi6m-1-_FY7w,Salão da su,"R. Marcelino de Meira Rodrigues, 1451 - Jardim Primavera, Mongaguá - SP, 11730-000, Brasil",Mongaguá,casa noturna,5.0,2.0,-24.1210977,-46.7031809,(13) 99788-1604,
ChIJW6UriSkdzpQRRxVt2aIjBo0,Adega Gela Goela,"R. Ten. Durval do Amaral, 274 - Catiapoã, São Vicente - SP, 11390-300, Brasil",São Vicente,adega,5.0,5.0,-23.9603553,-46.38533109999999,(13) 99804-9898,https://instagram.com/adegagelagoela?igshid=MmIzYWVlNDQ5Yg==
ChIJW6slwwMm0JQRUHu4B1khS-0,Quiosque Aloha Peruíbe,"Av. Gov. Mário Covas Júnior, 2420 - Centro, Peruíbe - SP, 11750-000, Brasil",Peruíbe,casa noturna,4.5,3141.0,-24.3155264,-46.98567430000001,(11) 94770-7323,https://www.facebook.com/quiosquealohaperuibe/
ChIJWQO-Xl4bzpQRz2Q26_LjoOE,Barbearia Pedro e Kaique,"R. Santo Antônio de Pádua, 118 - Vila São José, Cubatão - SP, 11523-020, Brasil",Cubatão,casa noturna,4.8,32.0,-23.9026065,-46.4256549,(13) 98814-9209,
ChIJWx9BSQAn0JQRw-hTyHpvGjI,Adega Nascimento,"R. Reinaldo Barcelos Pereira, pereir, 493 - Vila Romar, Peruíbe - SP, 11770-646, Brasil",Peruíbe,adega,4.8,17.0,-24.306247,-47.0022747,,https://wa.me/5513997262971
ChIJWyLtKcQnzpQRQw5Qf9QT9Jg,Bar Refúgio do Mar,"Rua, Alameda Angélica, 507 - Jardim Guanabara, Mongaguá - SP, 11730-000, Brasil",Mongaguá,bar,4.4,29.0,-24.101818,-46.65604709999999,(13) 98145-9042,
ChIJWyl0ougdzpQRyvF9MjS06pc,Pavão Adega e Conveniência,"Avenida Capitão Mor Aguiar, N: 72, Av. Capitão-Mor Aguiar, 72 - Centro, São Vicente - SP, 11310-200, Brasil",São Vicente,adega,5.0,10.0,-23.9707831,-46.3913868,(13) 3379-6289,https://www.instagram.com/pavaoadega/
ChIJX1iv9EInzpQRTaMSvVQJOxw,Bar do Bimbal,"R. Pôrto Alegre, 76 - Vila Nossa Sra. de Fatima, Mongaguá - SP, 11730-000, Brasil",Mongaguá,bar,4.5,54.0,-24.1056982,-46.6536335,,
ChIJX5SLS8QnzpQRWLS4jx-nrzE,Adega S.O.S Beer,"Atendimento Via WhatsApp - Av. Monteiro Lobato, 6710(13 - 99626-9289 - Jardim Praia Grande, Mongaguá - SP, 11730-000, Brasil",Mongaguá,adega,4.5,151.0,-24.1144571,-46.6637228,(13) 99678-0573,
ChIJXUfdjE7V0ZQR74tprghfwUs,Taberna do Pirata - Eventos & Bar Temático,"Atendimento & whatsapp (13)3303-3303 _Av. Europa, 1435, Balneario - Santa Julia, Itanhaém - SP, 11749-386, Brasil",Itanhaém,Bar/Casa Noturna,4.9,143.0,-24.2127554,-46.8631937,(13) 3303-3303,http://www.tabernadopirata.com.br/
ChIJXVo22anV0ZQRibxeu6pDWgs,Brisa's Bar e Restaurante,"Av. Pres. Vargas, 1.363 - Centro, Itanhaém - SP, 11740-000, Brasil",Itanhaém,bar,4.6,623.0,-24.1823741,-46.7804158,(13) 99141-3584,https://www.brisasbar.com/
ChIJXWa_fJkDzpQRlPe6kecRutY,Royale.Lounge Bar,"R. Dagoberto Gasgon, 01 - Boqueirão, Santos - SP, 11045-010, Brasil",Guarujá,casa noturna,3.0,52.0,-23.9597089,-46.3227808,,https://www.instagram.com/royale.loungebar
ChIJXXMElZnV0ZQRvRzEXAy1Jfs,Bar e Espetinhos,"R. Zeferino Soares, 2-58 - Boca da Barra, Itanhaém - SP, 11740-000, Brasil",Itanhaém,bar,4.7,49.0,-24.186543,-46.7897666,,
ChIJXXrgqsMczpQR08tZWSrhIz0,Luli Bar & Restaurante,"Av. Saturnino de Brito, 1289 - Parque Prainha, São Vicente - SP, 11325-010, Brasil",São Vicente,bar,4.5,526.0,-23.979677,-46.3793076,(13) 99629-1959,http://luliculinariaarteedecor.wordpress.com/
ChIJXYLADOoDzpQRDD59VFw3HGU,Adega Armazém da Praia,"Av. Bartholomeu de Gusmão, 152 - Ponta da Praia, Santos - SP, 11030-500, Brasil",Santos,adega,4.5,31.0,-23.9858863,-46.307811,(13) 98179-1773,
ChIJXdMFR0obzpQRiPGIudKIENg,Adega São José,"R. Santo Antônio de Pádua, 53 - Vila São José, Cubatão - SP, 11523-020, Brasil",Cubatão,adega,3.8,17.0,-23.9025203,-46.4256409,(13) 99108-0107,
ChIJY49SXor7zZQRGuRUMb6WSTA,Don Quixote de La Prancha,"Av. Tomé de Souza, 1119 - Centro, Bertioga - SP, 11250-000, Brasil",Bertioga,bar,4.3,263.0,-23.8445238,-46.13150479999999,(11) 99566-0603,http://facebook.com/donquixotedelaprancha
ChIJY59W66MhzpQRemYkPDo6BD4,CAIÇARA BEACH BAR,"R. Décio Ferraz Alvim, 21 - Vila Caiçara, Praia Grande - SP, 11706-310, Brasil",Praia Grande,bar,4.2,270.0,-24.0484811,-46.52807259999999,(11) 98463-8235,
ChIJY5kZRAIn0JQRnU5HbuyIyFA,Adega e Restaurante Dose Certa Peruíbe,"R. Euclides da Cunha, 57 - Cidade Nova Peruíbe, Peruíbe - SP, 11772-104, Brasil",Peruíbe,adega,4.8,17.0,-24.2961883,-46.9813455,(13) 98191-0498,
ChIJY8OI_fArzpQREGzU3TFgs_I,Adega Los Freitas,"Avenida Central Hangar 15, loja 19, Itanhaém - SP, 11740-000, Brasil",Itanhaém,adega,4.6,38.0,-24.1582461,-46.7896918,(13) 99694-3980,https://instagram.com/adegadosfreitas?utm_medium=copy_link
ChIJY8s--5L_0ZQRto1LqkcWlDU,Adega - Conexão Drinks II,"Av. Gen. Rondon, 651 - loja II - Vila Alzira, Guarujá - SP, 11420-000, Brasil",Guarujá,adega,5.0,20.0,-24.0092448,-46.2705658,(13) 99183-5916,https://linktr.ee/ClubeConexaoDrinks
ChIJYT4UeAYp0JQRMnCp6vqkzcs,Adega Dz7 Peruíbe,"R. Genoveva Alves Da Silva, 480 - Loja 2 - Estância Antonio Novaes, Peruíbe - SP, 11750-000, Brasil",Peruíbe,adega,5.0,5.0,-24.2590374,-46.95177100000001,(13) 99673-6265,
ChIJYTXJfGEBzpQRwpim4A0SCtM,Adega Almir,"Av. Severo Conde Y Conde, 255 - Vila Aurea (Vicente de Carvalho), Guarujá - SP, 11454-010, Brasil",Guarujá,adega,4.8,61.0,-23.9432012,-46.2827807,,https://www.lojalocal.com/amstel/34935329000166
ChIJYaXzbbEdzpQR1ZlzeHfbq9g,1Out Poker Club Praia Grande,"Av. Brasil, 105 - Canto do Forte, Praia Grande - SP, 11700-005, Brasil",Praia Grande,casa noturna,5.0,1.0,-24.0096821,-46.413512,,
ChIJYfizknz_0ZQREdMnOFO3rP8,Boate corpo Dourado,"Av. Dom Pedro I, 1065 - Jardim Tres Marias, Guarujá - SP, 11440-001, Brasil",Guarujá,casa noturna,,,-23.9835247,-46.2380157,(13) 98149-9141,
ChIJYw2hXenxzZQRMWKOvxQUwPI,King Bebidas Adega & Delivery,"Av. do Telégrafo, 908 - Jd Santa Tereza, Bertioga - SP, 11250-000, Brasil",Bertioga,adega,4.9,63.0,-23.8117199,-46.05510659999999,(13) 99709-8832,https://wa.link/j51fjn
ChIJYyI87JgdzpQRg6phWdjodd8,Adega Do Careca 120,"R. Haiti, 120 - Guilhermina, Praia Grande - SP, 11702-050, Brasil",Praia Grande,adega,5.0,15.0,-24.0136179,-46.4264562,(13) 99705-3974,
ChIJZ-rCqeknzpQRL9zKeVVkCoo,Adega Chama Chama,"Av. Monteiro Lobato, 5972 - Balneario Anchieta, Mongaguá - SP, 11730-000, Brasil",Mongaguá,adega,4.7,55.0,-24.1115752,-46.6580509,(13) 99166-8130,
ChIJZ26aGdwhzpQR4UUJ7zDcpBw,Adega Caiçara!,"Av. Pres. Kennedy, 11566 - Vila Caiçara, Praia Grande - SP, 11702-200, Brasil",Praia Grande,adega,4.7,78.0,-24.0422653,-46.5195297,(11) 95238-0265,https://www.instagram.com/adegacaicarapg_?igsh=MWppOWQ4OWxwdGw0aw%3D%3D&utm_source=qr
ChIJZ8fiuT3xzZQRatRfgO865_w,Bar central,"000 - Jardim Indaia, Bertioga - SP, 11250-972, Brasil",Bertioga,bar,4.6,37.0,-23.8040897,-46.0552467,,
ChIJZQgLAOnVz5QRNI9ZzvFdiXQ,Recanto do Braga,"Av. Brasília Seckler, 620 - Jardim Cel., Itanhaém - SP, 11740-000, Brasil",Itanhaém,casa noturna,4.7,42.0,-24.1664262,-46.83865520000001,(13) 98202-8364,https://recantodobraga.com.br/
ChIJZVCTiU0fzpQRvc7KejdoX3A,Adega JR Baixada 24 horas,"R. Celso Ramos de Oliveira, 88 - Vila Antartica, Praia Grande - SP, 11721-010, Brasil",Praia Grande,adega,5.0,19.0,-24.0126562,-46.4542149,,https://www.instagram.com/adegajr.013?igsh=MTN2ZHBjOWw2OTc4Yw==&utm_source=qr
ChIJZxK3jnIbzpQRGXf58Rox2sw,Adega do Alemão,"Av. Ferroviária II, 1, 490 - Vila dos Pescadores, Cubatão - SP, 11531-000, Brasil",Cubatão,adega,5.0,1.0,-23.9265221,-46.3979435,,
ChIJ_5f4ZHUn0JQRbPD-xH_HSik,Adega do Gaúcho,"Rua José Veneza Monteiro, 235 - Centro, Peruíbe - SP, 11770-060, Brasil",Peruíbe,adega,4.8,5.0,-24.326126,-47.0050965,,
ChIJ_73YA24DzpQRnPaWSDsvrI8,Suite Do Coyote,"Av. Afonso Pena, n 234 - 23 - Macuco, Santos - SP, 11020-002, Brasil",Santos,casa noturna,3.0,2.0,-23.9630863,-46.3142315,,
ChIJ_Q7sdTYrzpQRVSKZ0mkzXrk,Paraiso Dos Pipas e Adega Paraíso,"Rua Padre Teodoro, R. Padre Afonso Maria Ratisbone - Suarão, Itanhaém - SP, 11740-000, Brasil",Itanhaém,adega,4.5,132.0,-24.1622569,-46.7560795,(13) 99707-2205,
ChIJ_QLzns0BzpQRYG0ub7J61cc,Cinco Pontas,"R. São Luiz - Vila Zilda, Guarujá - SP, 11436-080, Brasil",Guarujá,casa noturna,3.4,9.0,-23.973565,-46.2500166,,
ChIJ_V7GzswpzpQRynpnhtE8xsc,Adega Zanotti,"Av. Monteiro Lobato, 8432 - Balneário Itaóca, Mongaguá - SP, 11730-000, Brasil",Mongaguá,adega,5.0,2.0,-24.121567,-46.6774943,(13) 99427-2310,
ChIJ_WeHGRMdzpQRtrMCbvzg5Mk,Adega e conveniência Império,"R. do Meio, 35 - Vila Margarida, São Vicente - SP, 11330-710, Brasil",São Vicente,adega,5.0,1.0,-23.9721327,-46.4088157,(13) 99177-0339,
ChIJ__-DuCT-0ZQRYRq3xyoCYcg,ROSE,"Av. Leomil, 736 - Centro, Guarujá - SP, 11410-160, Brasil",Guarujá,casa noturna,,,-23.9964627,-46.2606757,(13) 99156-1263,
ChIJ_f8jWgAdzpQRSCzk9ITFz7w,"SAMBÔ BAR - MUSIC, FOOD & DRINKS","R. Benjamin Constant, 30 - Centro, São Vicente - SP, 11310-500, Brasil",São Vicente,Bar/Casa Noturna,4.5,105.0,-23.9640331,-46.3842177,(13) 99679-2281,
ChIJ_x30AB37zZQRMVf_sheekPk,DK lounge & Tabacaria,"Av. Anchieta, 8406 - Vista Linda, Bertioga - SP, 11250-000, Brasil",Bertioga,casa noturna,3.3,8.0,-23.8150787,-46.08118289999999,(13) 99777-3836,
ChIJ_ynPlY8dzpQRCaPmZsCFZnI,Adega e Tabacaria Hayashi,"R. Peru, 550 - Guilhermina, Praia Grande - SP, 11702-250, Brasil",Praia Grande,adega,4.9,10.0,-24.0111938,-46.4336928,(13) 97413-9049,
ChIJa2iKrZYczpQRa75303wXN9Q,Degraus Bar,"Praça 22 de Janeiro, 258 - Centro, São Vicente - SP, 11310-040, Brasil",São Vicente,bar,4.6,121.0,-23.9705573,-46.3869248,,https://m.facebook.com/profile.php?id=1539709779623704
ChIJa6EjLTonzpQRZM4CyDXJyoU,BLUE HOUSE MM,"R. Raimundo Corrêa, 375 - Vila Oceanopolis, Mongaguá - SP, 11730-000, Brasil",Mongaguá,casa noturna,4.9,30.0,-24.107601,-46.6572447,(13) 99153-6037,
ChIJa97esPIdzpQRz3ZSEIoAROA,Matilde Bar,"Av. Mal. Mallet, 960 - Canto do Forte, Praia Grande - SP, 11700-400, Brasil",Praia Grande,bar,4.3,617.0,-24.008921,-46.4046062,,
ChIJaUQqQFMdzpQRmXaOSVc0DzQ,Wall Street | Bar e Restaurante em Praia Grande | Festival de mini hamburguers,"Av. Mal. Mallet, 1627 - Canto do Forte, Praia Grande - SP, 11700-400, Brasil",Praia Grande,bar,4.8,8164.0,-24.0041303,-46.409368,(13) 99160-1563,https://www.instagram.com/wallstreetpg/
ChIJafVEU-YRzpQRqcnP8-Hy1jA,"Empório, Restaurante e Adega L.M","R. São Paulo, 506 - Jardim Sao Francisco, Cubatão - SP, 11500-020, Brasil",Cubatão,adega,4.6,33.0,-23.881923,-46.417026,(13) 98171-2353,
ChIJawvVppAdzpQRSSEpECPaYv0,Beco Bar,"R. Pernambuco, 707 - Boqueirão, Praia Grande - SP, 11700-010, Brasil",Praia Grande,bar,4.9,238.0,-24.0071693,-46.4130124,,https://instagram.com/bar.beco
ChIJb-apsmkRzpQRhNfxFlnorqY,Adega Trevo Cubatão,"Rod. Anchieta, 83 - Vila Noel, Cubatão - SP, Brasil",Cubatão,adega,4.6,17.0,-23.891853,-46.436459,(11) 94286-6311,
ChIJb25-ppn7zZQR5upGJKyimYY,Miro's Point Bar,"R. José Gomes, 340 - Jardim Rio da Praia, Bertioga - SP, 11256-010, Brasil",Bertioga,bar,4.8,99.0,-23.8301324,-46.11668479999999,(13) 99734-1571,
ChIJb79027EdzpQRlPrXr6pDiXA,Adega e Conveniência Bulldega,"R. Guiana Francesa, 236 - Guilhermina, Praia Grande - SP, 11702-310, Brasil",Praia Grande,adega,5.0,10.0,-24.0151489,-46.4340771,,
ChIJbQC-UwT9zZQRrQSSkYpwqcs,Adega orla da praia,"Av. Tomé de Souza, Bertioga - SP, 11250-219, Brasil",Bertioga,adega,5.0,7.0,-23.8471564,-46.1328028,(11) 95928-1739,
ChIJbUJ9OvwBzpQRdqeSYdB8VuY,Boteco Pinguim,"Av. Manuel Albino, 93 - Jardim Helena Maria, Guarujá - SP, 11431-030, Brasil",Guarujá,bar,4.2,755.0,-23.9916048,-46.2801364,,
ChIJbxVCJ7H7zZQR_hPnD_1gXI0,Adega 013,"R. Waldemar Costa Filho, 134 - Jardim Indaia, Bertioga - SP, 11260-021, Brasil",Bertioga,adega,5.0,2.0,-23.810581,-46.0588469,(11) 94249-9997,
ChIJbxtkzoYp0JQRnfh1Fox3TLY,La Vie Music Lounge,"Av. Padre Anchieta, 5486 - Parque Turistico, Peruíbe - SP, 11750-000, Brasil",Peruíbe,Bar/Casa Noturna,3.8,73.0,-24.2934735,-46.9652042,,
ChIJc2o-vXkDzpQR4kAMkpWcutM,"Rusbé - Bar, Cozinha e Música Ao Vivo","Av. Mal. Deodoro, 49 - Gonzaga, Santos - SP, 11065-101, Brasil",Santos,Bar/Casa Noturna,4.6,551.0,-23.9652502,-46.3351528,(13) 99668-9305,https://www.instagram.com/santos.rusbe/
ChIJc60bCAUr0JQR3-vSkNCW5wM,Maloka Rock Bar,"Av. Albert Sabin, 1267 - loja 02 - Jardim Regina, Itanhaém - SP, 11740-000, Brasil",Itanhaém,Bar/Casa Noturna,4.8,98.0,-24.2295232,-46.8727759,(13) 98102-3347,
ChIJc9-H7IjV0ZQRfSIQMkqTCo0,Adega lukinha,"R. São Francisco de Assis, 36 - Laranjeiras, Itanhaém - SP, 11740-000, Brasil",Itanhaém,adega,4.8,105.0,-24.1735859,-46.7820961,(13) 99737-8583,
ChIJcU--5j8CzpQRX1CqQlMVbGI,Mucha Breja Rock Pub - Cervejas Artesanais,"Av. Rei Alberto I, 161 - Ponta da Praia, Santos - SP, 11030-381, Brasil",Santos,bar,4.6,1529.0,-23.9895883,-46.3035417,(13) 3261-1291,http://www.facebook.com/muchabreja
ChIJcVrDyKD9zZQRXKWOpVq42IE,BOTECO TIO BAHIA,"Av. Vicente de Carvalho, 58B - Centro, Bertioga - SP, 11250-045, Brasil",Bertioga,bar,3.8,10.0,-23.8545636,-46.1362012,(13) 99690-5204,
ChIJcbvm57H_0ZQRCT5ppy8f0rI,Pitangueiras Bar & Cozinha,"Av. Mal. Deodoro da Fonseca, 1096 - Pitangueiras, Guarujá - SP, 11410-223, Brasil",Guarujá,bar,4.5,334.0,-23.99817,-46.2591518,(13) 3371-7634,http://www.pitangueirasbarecozinha.com.br/
ChIJceh9Dx4nzpQR-Mu6TfNGOmM,Quiosque Burgman Mongaguá,"Av. Gov. Mário Covas Júnior, 2005 - Jardim Maria Luisa, Mongaguá - SP, 11730-000, Brasil",Mongaguá,Bar/Casa Noturna,4.2,694.0,-24.097116,-46.6224786,(13) 97827-5564,https://burgman2.astradigital.com.br/bio-mongagua
ChIJdQi48T4nzpQRgLh9Ze9B7ew,Cabeça's Bar Mongaguá,"Av São Paulo, 394 - Vila São Paulo - MONGAGUA - Vila Sao Paulo, Mongaguá - SP, 11730-000, Brasil",Mongaguá,bar,4.6,119.0,-24.0890068,-46.60974359999999,(13) 99758-1267,
ChIJdRKrLJIRzpQRep-La0zWuGs,Adega e Tabacaria MG,"de Oliveira - Av. Fernando Santos Oliveira, 320 - Bolsão 7 - Jardim Nova Republica, Cubatão - SP, 11095-410, Brasil",Cubatão,adega,5.0,2.0,-23.9195189,-46.4218757,(13) 99758-2085,
ChIJdTyLxr4n0JQRRlGM8B3lPF8,The Pub Adega & Tabacaria,"Av. Padre Anchieta, 2015 - loja 1 - Balneário Stella Maris, Peruíbe - SP, 11750-000, Brasil",Peruíbe,adega,4.5,25.0,-24.3150909,-46.9911605,(13) 98138-3087,https://thepub.smartpos.app/
ChIJdU_fN-IpzpQRYYwcGWgXkxw,Meu Bar Mongagua,"R. Francisco de Morães, 991 - Jardim Itapoan, Mongaguá - SP, 11730-000, Brasil",Mongaguá,bar,5.0,1.0,-24.109367,-46.6723841,(13) 99113-5371,
ChIJdbxmppcQzpQRuesSg8n-WNs,Parada 95 bar,"R. Salgado Filho - Jardim Anchieta, Cubatão - SP, 11500-270, Brasil",Cubatão,bar,4.3,31.0,-23.8792716,-46.4180904,(13) 99694-9620,
ChIJdzgwMZcQzpQROc80ID6RYlc,Bar Mundo Novo,"R. Arthur Bernardes, 522 - Jardim Anchieta, Cubatão - SP, 11533-090, Brasil",Cubatão,bar,4.5,24.0,-23.8791931,-46.4149963,(13) 3361-8659,
ChIJe1lkrR4nzpQRSXpAr7oiT1g,Ac adega e conveniencia,"Av. Monteiro Lobato, 6868 - Jardim Praia Grande, Mongaguá - SP, 11730-000, Brasil",Mongaguá,adega,4.5,23.0,-24.1151127,-46.6649703,(13) 99678-9826,
ChIJe3lprwEDzpQRUxb1_6AvYrM,Moby Dick,"Av. Vicente de Carvalho, 30 - Boqueirão, Santos - SP, 11045-500, Brasil",Santos,casa noturna,4.1,781.0,-23.9712958,-46.3267608,(13) 3284-7454,http://www.instagram.com/mobydicksantos
ChIJe4ClcowdzpQRJpApoNjlDP0,Beach Lounge,"Av. Pres. Castelo Branco, 2040 - Guilhermina, Praia Grande - SP, 11701-750, Brasil",Praia Grande,Bar/Casa Noturna,4.1,576.0,-24.0137553,-46.4203935,(13) 99803-1135,
ChIJe6SSEoD9zZQR181-8WDlR3Q,Saoc City,"R. Eng. José Sánches Ferrari - Jardim Vicente de Carvalho, Bertioga - SP, 11250-000, Brasil",Bertioga,casa noturna,5.0,1.0,-23.829617,-46.1483396,,
ChIJe7jpHVcXzpQRtFqsv7WnqUY,Cabeça's Bar,"Av. Principal, 2821 - Vila Esperança, Cubatão - SP, 11540-200, Brasil",Cubatão,bar,4.5,337.0,-23.8983262,-46.4465625,(13) 98178-8931,
ChIJe7qzWh_V0ZQRtUs_2AfHF-A,Adega Busca Pinga,"Av. São Paulo, n° 402 - Cibratel, Itanhaém - SP, 11740-000, Brasil",Itanhaém,adega,4.7,24.0,-24.1978973,-46.8211406,(13) 99778-7213,
ChIJeYDNStMbzpQRmW4640pEOKo,Adega Eskinão,"R. Acácia dos Santos Pereira - Jardim Nova Republica, Cubatão - SP, 11534-760, Brasil",Cubatão,adega,5.0,1.0,-23.9231069,-46.43300900000001,(13) 99616-4372,
ChIJedjMRKodzpQR7bs500aRsOQ,Adega LF,"R. Alcides Alves de Carvalho, 55 - Vila Margarida, São Vicente - SP, 11330-757, Brasil",São Vicente,adega,5.0,1.0,-23.97131,-46.4102979,(13) 98107-2831,
ChIJefCjHcMDzpQRpdD31HHoAb4,Adega Embaré Delivery de Bebidas,"Rua Oswaldo Cochrane, 317 - Embaré, Santos - SP, 11040-111, Brasil",Santos,adega,4.4,41.0,-23.9672945,-46.3106802,(13) 98194-2598,
ChIJexaALNAczpQR8asA2qUTR30,Bar da Julie Swing Club,"R. Peró Lopes de Souza, 39 - Itararé, São Vicente - SP, 11390-130, Brasil",Cubatão,casa noturna,4.7,76.0,-23.9671638,-46.37224610000001,(13) 99773-2018,https://bardajulieswing.com/bar-da-julie
ChIJf76VxoUdzpQRBpJgAdRNbGY,Adega Do Rafa,"R. José Bonifácio, 27 - Centro, São Vicente - SP, 11310-080, Brasil",São Vicente,adega,5.0,18.0,-23.9695947,-46.3831007,,
ChIJfRlwWQb_0ZQR3jCmBFB6AMc,Avenue Bebidas e Alimentos,"Av. dos Caiçaras, 1171 - Loja 03 - Jardim Las Palmas, Guarujá - SP, 11420-440, Brasil",Guarujá,adega,4.8,17.0,-24.0038557,-46.2738428,(13) 99745-8471,
ChIJfWUVTVL6zZQR-iUwqOevvyA,FORRÓ DA RESSACA,"R. Helena Machado Farias, 277 - Jardim Rafael, Bertioga - SP, 11250-000, Brasil",Bertioga,casa noturna,4.0,36.0,-23.8210805,-46.0917784,,
ChIJf_ZyDMYDzpQRWvKacPftPR0,Qualeh O Bar,"Av. Dr. Epitácio Pessoa, 227 - Ponta da Praia, Santos - SP, 11045-301, Brasil",Santos,bar,4.4,1441.0,-23.9743147,-46.316766,(13) 98838-4268,https://m.facebook.com/pages/category/Beer-Garden/Qualeh-O-Bar-114770403257350/
ChIJfbZBxZn_0ZQRDFRfsy9IHTc,Açougue Mercearia e Conveniência Edu Bebidas,"R. José Ferreira Canaes Filho, 797 - Balneario Cidade Atlantica, Guarujá - SP, 11441-300, Brasil",Guarujá,adega,4.6,247.0,-23.976371,-46.2256297,(13) 98211-8786,
ChIJgRvrNJco0JQRavf2tohnwjc,Peruíbe Bebidas Delivery (Adega 24horas),"Av. Padre Anchieta, 3387 - Arpoador, Peruíbe - SP, 11750-000, Brasil",Peruíbe,adega,4.9,396.0,-24.3060351,-46.9808975,(13) 99658-6423,http://www.peruibebebidas.com/
ChIJgW6Su-Er0JQRhPBK4RVP-nQ,Tabacaria Adega Gaivota,"Av. Flácides Ferreira, 178 - Balneario Gaivotas, Itanhaém - SP, 11740-000, Brasil",Itanhaém,adega,4.3,64.0,-24.243696,-46.8899915,(13) 98851-5467,https://wa.me/5513988515467
ChIJgf49xnnV0ZQRplUo8Ur-WGE,Giga Bar,"Praça Carlos Botelho, 27 - Centro, Itanhaém - SP, 11740-000, Brasil",Itanhaém,bar,4.4,933.0,-24.1834354,-46.7896685,(13) 3426-5663,https://www.facebook.com/gigabar.itanhaem
ChIJgy3Rg97_0ZQRoM1BA4EKCwE,Adega de Sá,"Av. Helena Maria, 400 - Jardim Helena Maria, Guarujá - SP, 11431-080, Brasil",Guarujá,adega,5.0,3.0,-23.995751,-46.2733781,(13) 99643-5471,
ChIJh-ZrYLD7zZQR5hduoAMj73o,PUB CIA DO MAR,"R. Miguel Seiad Bichir, 76 - Maitinga, Bertioga - SP, 11251-335, Brasil",Bertioga,bar,4.0,2.0,-23.8363068,-46.1232028,(13) 99712-3601,
ChIJh6Tj2QAdzpQR8jfOy63Yy6Q,Adega dubai 013,"R. Sen. Azevedo Júnior, 299 - Sítio do Campo, Praia Grande - SP, 11725-030, Brasil",Praia Grande,adega,5.0,7.0,-23.9976848,-46.4189032,(13) 98215-7391,
ChIJh8GTZ-YnzpQRvABblhLrfZk,Adega Lua Negra Mongaguá,"Av. Atlântica, 1073 - Vila Atlântica, Mongaguá - SP, 11730-000, Brasil",Mongaguá,adega,4.8,22.0,-24.1002324,-46.6481005,(13) 97818-8703,http://adegaluanegra.com.br/
ChIJh9XTMCMl0JQRe3cgkqiLf4M,Terral Marina Bar,"Av. Padre Anchieta, 23 - Centro, Peruíbe - SP, 11770-042, Brasil",Peruíbe,casa noturna,4.4,61.0,-24.3291839,-47.0035513,(13) 99680-6668,
ChIJhS9Ms00l0JQR0Qc7QLbzrxs,Paraiso dos Ets Rock Bar,"R. Rachel Khoury Duboc de Almeida, 6 - Jardim Guarau, Peruíbe - SP, 11750-000, Brasil",Peruíbe,Bar/Casa Noturna,4.7,313.0,-24.3340692,-47.0054982,(13) 98230-1386,
ChIJhaEu4YkfzpQR3QbKxirWyII,Boteco Burgman Praia Grande,"Av. Pres. Castelo Branco, 8890 - Nova Mirim, Praia Grande - SP, 11702-200, Brasil",Praia Grande,bar,4.4,662.0,-24.0331245,-46.4845656,(13) 97417-9323,https://burgman2.astradigital.com.br/bio-praiagrande
ChIJhyCDfmIDzpQRqdzZA63QccQ,Casa De Balada Deuam Antiga Quequis,"R. Luís Gama, 234-272 - Macuco, Santos - SP, 11015-151, Brasil",Santos,casa noturna,2.0,2.0,-23.9547785,-46.3204962,,
ChIJi-x-eKYn0JQRvPnYZUehkRs,Adega PV 2,"Av. Padre Anchieta, 2270 - Barra de Jangada, Peruíbe - SP, 11750-000, Brasil",Peruíbe,adega,4.8,29.0,-24.3135399,-46.9892528,(13) 4040-4834,https://mont.ink/pvstore
ChIJi7RRme76zZQRhE09WUq-uwQ,Adega do Jé & conveniência,"e - Rua aprovada seiscentos, R. Doze, Bertioga - SP, 11259-135, Brasil",Bertioga,adega,5.0,9.0,-23.7965581,-46.0806171,(13) 98189-7399,
ChIJiRLhvH0czpQRtfiVoCNax5w,Adega Do Rodrigo,"Av. Nações Unidas, 513 - Vila Margarida, São Vicente - SP, 11330-300, Brasil",São Vicente,adega,4.5,22.0,-23.9684318,-46.4022233,(13) 98846-9484,
ChIJiRVO2agl0JQRRDpGYPVhZoE,Taberna dos Piratas,"Estrada do una, 315 - Guaraú, Peruíbe - SP, 11750-000, Brasil",Peruíbe,bar,4.8,51.0,-24.360305,-47.0253969,(13) 99675-8767,https://m.facebook.com/tabernadospiratas
ChIJiVPU36sdzpQRjeRDjIYEDIk,Vip Pub,"Av. Embaixador Pedro de Toledo, 269 - Centro, São Vicente - SP, 11320-440, Brasil",São Vicente,bar,4.5,230.0,-23.9690075,-46.3811977,(13) 99689-6473,
ChIJiZ8N6AMDzpQR2Q9s1H7SK6Q,Esquina do Chopp,"Av. Vicente de Carvalho, 54 - Gonzaga, Santos - SP, 11045-501, Brasil",Santos,bar,4.3,853.0,-23.9703037,-46.3294551,(13) 3385-8807,https://mechamenozap.com.br/esquina-do-chopp/
ChIJiZnVBtcbzpQRgeV0kcSBFJ0,Adega Santista/ mini mercado,"R. Maria do Carmo, 784 - Casqueiro, Cubatão - SP, 11530-040, Brasil",Cubatão,adega,4.4,20.0,-23.9287395,-46.403138,(13) 98167-0180,https://instagram.com/drinkseadegasantista?utm_medium=copy_link
ChIJiaUgTNrV0ZQRUZW5a-SnHZY,Bar Vegas Itanhaém,"Av. Pres. Kennedy, 161 - Praia dos Sonhos, Itanhaém - SP, 11740-000, Brasil",Itanhaém,Bar/Casa Noturna,4.5,174.0,-24.1910373,-46.7974273,,https://www.instagram.com/barvegasitanhaem/
ChIJicDrw2QbzpQRqWI_Eoluasg,Adega Capricho 24 horas,"Rua Doutor - R. Wenceslau Brás, 618 - Cidade Náutica, São Vicente - SP, 11355-180, Brasil",São Vicente,adega,4.4,11.0,-23.9435486,-46.4134785,(13) 98182-6183,https://www.facebook.com/profile.php?id=100073602727798&mibextid=ZbWKwL
ChIJj-_uUBInzpQReQ5winDUHhQ,Facção Red Rock Bar,"Av. Sete de Dezembro - Centro, Mongaguá - SP, 11730-000, Brasil",Mongaguá,bar,4.6,43.0,-24.093192,-46.6203259,(13) 98173-8262,
ChIJj2EfRmv-0ZQRv8a3Gx9ojZg,LATITUDE BEER,"R. César Ferragi, 69 - Vila Alzira, Guarujá - SP, 11420-140, Brasil",Guarujá,bar,4.6,551.0,-24.0107609,-46.2702749,(13) 99657-0120,
ChIJj3LE53bV0ZQRceJfx0oFi4w,Barras Lounge,"Av. Pres. Vargas - Boca da Barra, Itanhaém - SP, 11740-000, Brasil",Itanhaém,bar,4.3,227.0,-24.1868499,-46.78963359999999,(11) 97679-0110,http://www.santosfc.com.br/
ChIJj4iZ9asdzpQRjCfQDU3uz-E,Kremlin Gastropub,"R. Mocóca, 189 - Boqueirão, Praia Grande - SP, 11701-100, Brasil",Praia Grande,bar,4.5,177.0,-24.007876,-46.4152269,(13) 98150-3030,
ChIJjQ2uIrAbzpQR63-4TYJT5X8,Adega da Sete,"R. Maria Graziela, 195 - Casqueiro, Cubatão - SP, 11533-150, Brasil",Cubatão,adega,5.0,4.0,-23.9284543,-46.4095097,(13) 99166-8227,
ChIJjQzaEsL_0ZQRJKpRLN0QYbQ,Boteco Burgman Asturias,"R. Emílio Portela, 249 - Jardim Asturias, Guarujá - SP, 11420-070, Brasil",Guarujá,bar,3.9,1185.0,-24.0090702,-46.2706137,(13) 99720-2525,https://burgman2.astradigital.com.br/bio-asturias
ChIJjSpl7PkDzpQRpXuPSqRm3NI,Coisa Linda Music Bar,"Av. Siqueira Campos, 487 - Embaré, Santos - SP, 11045-200, Brasil",Santos,bar,4.5,541.0,-23.9655306,-46.31926,(13) 99171-7866,https://www.deliway.com.br/coisa-linda-music-bar-delivery-santos-sp?utm_medium=social&utm_source=heylink.me
ChIJj_J4gc8czpQRyw3_Nnv9aa4,Atenas Club,"R. Borges, 91 - Macuco, Santos - SP, 11015-140, Brasil",Santos,casa noturna,3.8,78.0,-23.9540262,-46.3149569,(13) 99707-9737,http://www.atenasclub.net.br/
ChIJjwaMiZz_0ZQRUG1ixtR-ELw,Projac Bar - Barzinho na Pitangueiras,"R. do Contorno, 804 - Centro, Guarujá - SP, 11420-450, Brasil",Guarujá,Bar/Casa Noturna,4.4,199.0,-23.9966115,-46.2617578,(13) 98153-9579,https://www.instagram.com/projac.bar/
ChIJk3fMKxUdzpQR_30vGaSTn_Q,adega do kabello,"R. Castelo Novo - Vila Margarida, São Vicente - SP, 11330-600, Brasil",São Vicente,adega,5.0,5.0,-23.9643641,-46.399077,(13) 99623-3908,
ChIJk8CjOX_9zZQRZ-SnUn6IjzQ,Boate Katryna Club,"Av. Henrique Costabile, 230 - Centro, Bertioga - SP, 11250-066, Brasil",Bertioga,Bar/Casa Noturna,3.8,24.0,-23.8547475,-46.1444505,(11) 99527-1686,
ChIJkRlYPSgr0JQRwT9WuHrkm6E,Adega vida boa,"Av. Gov. Mário Covas Júnior, 2498 - Balneário Tupy, Itanhaém - SP, 11740-000, Brasil",Itanhaém,adega,4.6,108.0,-24.2168212,-46.8452537,(13) 99648-5031,
ChIJkZuE6QIA0pQRyAugzTzeJ58,Adega Bragança,"R. Bragança, 80 - Parque Enseada, Guarujá - SP, 11443-080, Brasil",Guarujá,adega,4.3,41.0,-23.9771254,-46.2076868,(13) 98140-7872,
ChIJkdpsWcrV0ZQRXUMuWdMFyKo,Quintal do Cibra,"Av. Desemb Justino M Pinheiro, 120 - Cibratel I, Itanhaém - SP, 11740-000, Brasil",Itanhaém,Bar/Casa Noturna,4.8,199.0,-24.2004704,-46.8194068,(11) 94579-5560,http://www.instagram.com/quintaldocibra
ChIJkybmFurV0ZQRg7wzEp3BAX4,Breja's bar,"Av. Trinta e Um de Março, 1137 - Corumbá, Itanhaém - SP, 11740-000, Brasil",Itanhaém,bar,4.9,86.0,-24.1864186,-46.81698309999999,,https://www.instagram.com/brejas.bar/
ChIJkzy3ewDV0ZQRlKAd_2gWSSQ,Estação Chopp,"R. João Mariano, 35 - Centro, Itanhaém - SP, 11740-000, Brasil",Itanhaém,casa noturna,3.9,17.0,-24.1827496,-46.7884168,,
ChIJl77gM2UXzpQRtCTHjGv63LY,Adega do Jan,"Caminho São Geraldo, 104 - Vila Esperança, Cubatão - SP, 11540-220, Brasil",Cubatão,adega,3.7,7.0,-23.8985356,-46.4415323,(13) 97414-4312,https://www.lojalocal.com/amstel/13403424000149
ChIJlQUO0EgdzpQR2MNL8aPf5SU,Adega pai e filho,"Av. Pres. Costa e Silva, 57 - Boqueirão, Praia Grande - SP, 11700-005, Brasil",Praia Grande,adega,4.4,47.0,-24.0129187,-46.4147804,(13) 99693-3112,https://www.lojalocal.com/amstel/44499805000105
ChIJlVB8xScrzpQR2CMOXbsgPpE,Adega do chicão,"Rua padre teodoro, R. Padre Afonso Maria Ratisbone, 4543 - Suarão, Itanhaém - SP, 11740-000, Brasil",Itanhaém,adega,4.5,20.0,-24.1621272,-46.7557146,(13) 98192-8871,https://instagram.com/_adegadochicao?r=nametag
ChIJlY0ZAXwbzpQRoQDUMkDgVbc,Empório e Adega jr,"R. Mateo Spilotros, 57 - Parque Sao Vicente, São Vicente - SP, 11365-310, Brasil",São Vicente,adega,4.3,11.0,-23.955195,-46.3958968,(13) 99178-2333,
ChIJlc2oXBTV0ZQRH74GbykpS4k,Adega e Tabacaria Moah Drinks,"Av. Ary Carneiro de Saraiva, 1950 - Satélite, Itanhaém - SP, 11740-000, Brasil",Itanhaém,adega,4.8,45.0,-24.1739778,-46.7777519,(13) 98226-2003,https://instagram.com/moah_drinks?igshid=YmMyMTA2M2Y=
ChIJld3_wwIdzpQRIcDupRQspuU,Alameda club,"Al. Paulo Gonçalves, 680 A - Ilha Porchat, São Vicente - SP, 11320-350, Brasil",São Vicente,casa noturna,3.8,4.0,-23.9804363,-46.3700311,(13) 4104-1707,http://www.alamedaclub.com.br/
ChIJlfKjovTV0ZQRxcJhtXTbyy4,ADEGA E TABACARIA RAINHA,"R. Antonio Olivio de Araujo, 209 - Boca da Barra, Itanhaém - SP, 11740-000, Brasil",Itanhaém,adega,4.8,28.0,-24.1849647,-46.7896019,(13) 99745-8950,
ChIJlyfCxn8bzpQRe5I_crHxj5E,Naldo bar e restaurante,"R. Caminho dos Barreiros, 282 - Esplanada dos Barreiros, São Vicente - SP, 11340-020, Brasil",São Vicente,bar,4.5,611.0,-23.9598622,-46.3993148,(13) 3467-4456,https://www.instagram.com/naldobarerestaurante?igsh=MTk3djVjanpxOXdnbQ==
ChIJm2Yk8r4QzpQRkSqswmpr6bg,Restaurante Bom Gosto Music,"R. Mal. Rondon, 126 - Parque Fernando Jorge, Cubatão - SP, 11500-280, Brasil",Cubatão,casa noturna,4.0,21.0,-23.8802851,-46.41609090000001,,
ChIJm8iQfJIrzpQReSrDHMVA9Zk,Imperium lounge bar,"Av. José Vergara, 6229 - Jardim Aguapeu, Itanhaém - SP, 11740-000, Brasil",Itanhaém,casa noturna,4.8,17.0,-24.1180799,-46.7868803,(11) 95463-7172,
ChIJmRZ-E2IBzpQRBkQrexz5dUY,Adega e Conveniência Mercadega Paulista,"R. Uruguai, 1681 - Balneario Cidade Atlantica, Guarujá - SP, 11442-020, Brasil",Guarujá,adega,5.0,18.0,-23.9729979,-46.22495379999999,(13) 99675-7124,https://www.lojalocal.com/amstel/30808024000132
ChIJmegKLBQA0pQRVdoOb7GAmC8,Acapella Cervejaria & Espetaria,"Estrada de Pernambuco, 1441 - Balneario Praia do Pernambuco, Guarujá - SP, 11443-411, Brasil",Guarujá,casa noturna,4.3,172.0,-23.9804336,-46.1945258,(13) 99777-1571,
ChIJmf2l0VXxzZQRHYqvgl5tBKQ,Imperador Espetaria,"Alameda das Alamandas, 30 Módulo 27 Bar - Riviera de São Lourenço, Bertioga - SP, 11261-228, Brasil",Bertioga,bar,4.4,744.0,-23.7899566,-46.0342586,(13) 3316-7265,http://www.imperadorespetaria.com.br/
ChIJmzLNchn_0ZQRofV9WhoIWVk,Adega e Tabacaria Prime Hookah,"R. Mario Ribeiro, 739 - Loja 4 - Centro, Guarujá - SP, 11410-191, Brasil",Guarujá,adega,4.6,14.0,-23.9971557,-46.2589028,(11) 98172-2494,https://www.instagram.com/adegaprimehookah/
ChIJn5tbMBMnzpQR49QN0G0A330,Magic Smoke Tabacaria e Lounge Bar,"R. Padre Anchieta, 755 - Centro, Mongaguá - SP, 11730-000, Brasil",Mongaguá,bar,4.4,192.0,-24.095053,-46.6190958,(13) 99156-0990,https://app.anota.ai/magic-smoke?utm_source=portal-share-btn&from=msa
ChIJn9y-7zYpzpQRxFB3fpgK2QE,Adega do Alemão,"R. Ramon García Júnior, 42 - Balneario Araty, Mongaguá - SP, 11730-000, Brasil",Mongaguá,adega,4.7,37.0,-24.125187,-46.678362,(13) 99654-8940,
ChIJnQfwu60fzpQR4wSJKElNuFs,Quintal do império,"Av. Maria Fernandes Stivaleti, 580 - Balneario Japurá, Praia Grande - SP, 11713-550, Brasil",Praia Grande,bar,4.5,122.0,-24.0283925,-46.5139843,(13) 99133-0162,
ChIJne83zlsbzpQR8jg9cGe4IA8,Mangue Steak e Pub,"Praça Januário Esteves de Lara Dantas, 216 - Vila Nova, Cubatão - SP, 11525-158, Brasil",Cubatão,Bar/Casa Noturna,4.8,963.0,-23.8994639,-46.4269159,(13) 97401-2767,http://manguedelivery.com.br/
ChIJo06aSTknzpQREwyf_MfGdjk,Casa do Gordo,"R. Reynaldo Reis - Vila Sao Paulo, Mongaguá - SP, 11730-000, Brasil",Mongaguá,casa noturna,5.0,2.0,-24.0877763,-46.6074711,,
ChIJo0MxhCgnzpQRRKDv67BzZqo,G Adega e Tabacaria,"R. Pernambuco, 25 - Jardim Praia Grande, Mongaguá - SP, 11730-000, Brasil",Mongaguá,adega,5.0,21.0,-24.112186,-46.6628796,(13) 97414-0207,https://www.instagram.com/g_adegatabacaria?igsh=MWk3a3ljbHV1bWsyMw==
ChIJo5I7OeIdzpQRWYMWrur4C3I,Pirata Ilha Porchat,"Al. Paulo Gonçalves, 680B - Ilha Porchat, São Vicente - SP, 11320-350, Brasil",São Vicente,casa noturna,4.5,20.0,-23.980433,-46.3700044,(13) 4104-1707,http://www.alamedaclub.com.br/
ChIJo5UK0VL_0ZQRwGY0In0MJfY,Adega Podepá 013,"R. Josefina Sório - Vila Santa Rosa, Guarujá - SP, 11431-170, Brasil",Guarujá,adega,5.0,3.0,-23.9972695,-46.2747486,(13) 99751-1617,
ChIJoYFfa_sdzpQRSS_YVcM4OLw,Na Praça Bar,"R. Ana Pímentel - Centro, São Vicente - SP, 11310-230, Brasil",São Vicente,bar,4.5,198.0,-23.9687604,-46.3870456,(13) 3467-4000,
ChIJoyf8Fd0dzpQRy8lOz90x_Iw,SÓ VEM ADEGA,"R. Frei Gaspar, 198 - loja 1 - Centro, São Vicente - SP, 11310-060, Brasil",São Vicente,adega,4.3,20.0,-23.9679164,-46.381629,(13) 99188-6605,
ChIJp1myeBwrzpQRzqW4wK1X3h4,ADEGA TB,"R. Marcos Paulo Duarte, 260 - Oásis, Itanhaém - SP, 11740-000, Brasil",Itanhaém,adega,5.0,5.0,-24.1658447,-46.7929138,(13) 99766-3807,
ChIJpVjWBW-MzZQR8MPPXHBYG9U,Adega & Tabacaria Siqueira,"R. Bartolomeu Fernandes Gonçalves, 172 - Centro, Bertioga - SP, 11250-270, Brasil",Bertioga,adega,4.2,144.0,-23.844576,-46.1333182,(13) 98129-8981,https://siqueiratabacariaadega.sqrinvest.com.br/
ChIJpXoYuqUczpQRopRf-j2Qv8I,Manolinho Bar,"Zap (13 - 95538-5022 - Vila Sao Jorge, São Vicente - SP, 11380-120, Brasil",São Vicente,bar,4.6,849.0,-23.957909,-46.3744287,(13) 3561-1951,
ChIJq0TMsLwczpQRGogpfLQ1pfc,Bar do Zelito - São Vicente,"R. José Gonçalves da Mota Júnior, 280 - Vila Valenca, São Vicente - SP, 11390-050, Brasil",São Vicente,bar,4.7,384.0,-23.9632977,-46.3777499,(13) 3467-7225,
ChIJq7PKvn76zZQRlVoLfp8GNk0,Casa Amarela Drinks,"Av. Anchieta, 10872 - Jardim INDAIÁ city, Bertioga - SP, 11250-000, Brasil",Bertioga,casa noturna,3.8,24.0,-23.8067427,-46.0601132,(13) 97421-2458,https://instagram.com/amarelacasa995?igshid=YmMyMTA2M2Y=
ChIJq8TE2-EB0pQRm85eEzNU5cA,Villa DuVal,"Estrada de Pernambuco, 168 - Lot. Joao Batista Juliao, Guarujá - SP, 11443-410, Brasil",Guarujá,bar,4.5,193.0,-23.9869292,-46.2038292,(13) 99802-8222,https://linktr.ee/villaduval
ChIJqXL54Wsn0JQRRT1CLk7j0SI,Bar do Buguelão,"R. das Andorinhas, 119 - Santa Izabel, Peruíbe - SP, 11750-000, Brasil",Peruíbe,casa noturna,4.7,3.0,-24.3163087,-47.0274616,(13) 99627-1315,https://bit.ly/bardobuguelao
ChIJqa1i-gQDzpQRFe3RqdYEWvA,Casa Cinza,"R. da Paz, 51 - Boqueirão, Santos - SP, 11045-520, Brasil",Santos,Bar/Casa Noturna,4.3,1062.0,-23.9685435,-46.3269179,(13) 99680-8180,https://www.instagram.com/cinza.company/
ChIJr-6xIbUdzpQRJ9m5APTDOJI,Adega do Bola,"R. Ver. Diego Pires de Campos, 276 - Vila Sao Jorge, São Vicente - SP, 11380-130, Brasil",São Vicente,adega,4.8,78.0,-23.9570787,-46.3727685,(13) 99616-2132,https://www.lojalocal.com/amstel/00030746366884
ChIJr0FUKGIp0JQRbP71Q54vmdE,Sol da manhã,"Estância Antonio Novaes, Peruíbe - SP, 11750-000, Brasil",Peruíbe,casa noturna,4.9,8.0,-24.2523722,-46.9567393,(13) 99630-0819,
ChIJr1EM7VsZzpQRb_qLCsbWO7w,Bar do Guimarães,"R. Larissa Kocner - Vila Esperança, Cubatão - SP, 11540-210, Brasil",Cubatão,bar,4.4,48.0,-23.9021148,-46.44247259999999,,
ChIJr306dGgr0JQRx3lRejZLAEo,Dama da Noite drink's,"R. Sapopemba, 32 - Santa Julia, Itanhaém - SP, 11740-000, Brasil",Itanhaém,casa noturna,4.3,12.0,-24.2074595,-46.8581484,(11) 97171-7677,
ChIJrQiTVlT6zZQReXHoHiwE9Ho,Adega Sol,"R. Francisco Hermano Vasconcelos, 113 - Jardim Rafael, Bertioga - SP, 11258-020, Brasil",Bertioga,adega,4.4,93.0,-23.820052,-46.0916195,(13) 99709-3741,http://www.cardapio.datacaixa.com.br/loja=4270
ChIJrS9q6uEbzpQRmVjnHFcyA1M,Adega Boomerang,"R. Santa Júlia, 301 - Vila dos Pescadores, Cubatão - SP, 11531-010, Brasil",Cubatão,adega,5.0,2.0,-23.926653,-46.40011699999999,(13) 99724-8267,
ChIJrT5DHZEdzpQRVxvwE0NFTAI,Tude Bar,"Av. Irmãos Adorno, 254 - Sítio do Campo, Praia Grande - SP, 11725-030, Brasil",Praia Grande,bar,4.7,270.0,-23.9979263,-46.4212748,(13) 99624-2902,http://instagram.com/tudebarpg
ChIJs5qXUDgDzpQRYIj2LBSwHDY,Adega do Alemão,"R. Carvalho de Mendonça, 624 - Marapé, Santos - SP, 11070-904, Brasil",Santos,adega,4.9,16.0,-23.9548465,-46.3438607,(13) 99151-7490,
ChIJsWiYiawZzpQR8NMKmMWnsU0,DJ Wilcker,"R. Santa Filomena, 693 - Vila Esperança, Cubatão - SP, 11540-200, Brasil",Cubatão,casa noturna,,,-23.9015891,-46.4455382,(13) 97416-7802,
ChIJsXztHnopzpQRROHIktSkso8,Adega Pé na Areia,"Av. Agenor de Campos, 1439 - Jardim Leonor, Mongaguá - SP, 11730-000, Brasil",Mongaguá,adega,5.0,2.0,-24.1158493,-46.6926739,(11) 95330-9038,
ChIJs_HpvCT-0ZQRsEUS55a84Ns,Rudy's Bar,"R. Rio de Janeiro, 274 - Barra Funda, Guarujá - SP, 11410-310, Brasil",Guarujá,bar,4.5,1030.0,-23.9964339,-46.2611147,(13) 99644-5269,
ChIJs_s63Y4XzpQRoeR7s2qRq-k,Bar do Sheyk,"R. Elías Zarzur, 1311 - Água Fria, Cubatão - SP, 11543-200, Brasil",Cubatão,bar,4.7,113.0,-23.8898492,-46.458103,(13) 97420-4289,
ChIJs_yfa6wrzpQRx1W7d00znpY,Bar Espeto D'Chef,"Padre Theodoro, R. Padre Afonso Maria Ratisbone - Suarão, Itanhaém - SP, 11740-000, Brasil",Itanhaém,bar,4.8,146.0,-24.1617595,-46.75511789999999,,
ChIJscj65a8dzpQRAkzsKWh5cWM,.,"Avenida engenheiro - Av. Saturnino de Brito, 645 - Prainha, São Vicente - SP, 11325-010, Brasil",São Vicente,bar,4.7,9.0,-23.9788102,-46.3839951,(13) 99743-6800,
ChIJse7ERzkl0JQRI9yue784AWI,Adega N°1,"Av. São João, 06 - Centro, Peruíbe - SP, 11750-000, Brasil",Peruíbe,adega,5.0,1.0,-24.3242214,-46.995358,(13) 99757-3019,
ChIJsfTvUAEDzpQR9EFhQcysNMc,Bar Heinz,"R. Dr. Lincoln Feliciano, 104 - a 118 - Boqueirão, Santos - SP, 11045-560, Brasil",Santos,bar,4.3,1485.0,-23.9695869,-46.3284787,(13) 3286-1875,http://barechopperiaheinz.com.br/
ChIJt6VQJhwp0JQRS2HXfoeExro,Contra Mão Bar & Restaurante,"Av. Padre Anchieta, 5300 - Jardim Imperador, Peruíbe - SP, 11750-000, Brasil",Peruíbe,bar,4.2,76.0,-24.2946396,-46.9665793,,
ChIJtQ-Ice4pzpQR2O_PQHUNYr4,Clínica de Massagem Masculina Maria's,"Av. Francisco Munhoz Cegarra, 59 - Balneario Plataforma II, Mongaguá - SP, 11730-000, Brasil",Mongaguá,casa noturna,,,-24.1335677,-46.7013439,(13) 99691-4217,
ChIJtT87k0EdzpQRykueT7Z2DmI,Bem de Boa,"R. Caimaioré, 536 - Vila Margarida, São Vicente - SP, 11330-703, Brasil",São Vicente,casa noturna,,,-23.9646538,-46.40384419999999,,
ChIJtUwxaVcdzpQR6aWms7lgF5k,Elo Adega e Tabacaria,"Av. Mal. Mallet, 1101 - Canto do Forte, Praia Grande - SP, 11700-400, Brasil",Praia Grande,adega,4.4,62.0,-24.0080288,-46.4058647,(13) 99130-2000,https://instagram.com/eloadega?igshid=YmMyMTA2M2Y=
ChIJtYKneDQp0JQRKxkVWrL-io4,Kabana's Choperia,"Av. Padre Anchieta, 5622 - Parque Balneario Oasis, Peruíbe - SP, 11750-000, Brasil",Peruíbe,Bar/Casa Noturna,4.4,452.0,-24.2923853,-46.9638774,(13) 99151-0923,https://www.facebook.com/Kabanas-Choperia-104363945354738/?ref=page_internal
ChIJtdFqwykn0JQRdaceK4B3hXw,Adega Ribamar,"Praca três de dezembro, 218 - Jardim ribamar, Peruíbe - SP, 11770-568, Brasil",Peruíbe,adega,4.9,7.0,-24.3010299,-47.002244,(13) 99775-2358,
ChIJtfIPj1UXzpQRrIJWQ-XY8RI,Bar Vem Que Vem,"Sítio Novo, Cubatão - SP, 11540-210, Brasil",Cubatão,bar,4.1,56.0,-23.9021718,-46.4424427,,
ChIJtz0VPVwdzpQRWBydelJTpbY,Rocket Sea Club,"Av. Tupiniquins, 590 - Japuí, São Vicente - SP, 11325-000, Brasil",Cubatão,casa noturna,4.1,363.0,-23.9806169,-46.3910766,,
ChIJu9BA-KIQzpQRzRQzt2baIAw,Point Silvestre,"Rua Armando de Salles Oliveira, 213 - CENTRO, Cubatão - SP, 11510-020, Brasil",Cubatão,casa noturna,5.0,10.0,-23.8855943,-46.42197119999999,(13) 3329-0742,
ChIJuSvfZuUbzpQRukJI1muK4zU,Chefia's mercearia e bebidas,"Av. Sen. Amaral Furlan, 29 - Jardim Nova Republica, Cubatão - SP, 11534-300, Brasil",Cubatão,adega,4.8,8.0,-23.9189953,-46.4272356,(13) 99196-4627,
ChIJuV1VfdX7zZQRnh2F4Q3PVfA,Imperio gold adega e tabacaria,"Rua jornalista Cândido Hernandez, 52 - Vista Linda, Bertioga - SP, 11258-392, Brasil",Bertioga,adega,3.7,12.0,-23.8083624,-46.0864368,(13) 99801-7714,
ChIJua_ASQAn0JQRHPagT83hTA0,Tisuna cortes,"R. Carnaúba, 70 - Estância Santa Izabel, Peruíbe - SP, 11750-000, Brasil",Peruíbe,casa noturna,,,-24.316646,-47.024959,,
ChIJuclh6lTV0ZQRl_mnjJrxdUw,IMPÉRIO DAS BEBIDAS,"Av. Marginal, 1691 - Laranjeiras, Itanhaém - SP, 11740-000, Brasil",Itanhaém,adega,4.0,50.0,-24.1744105,-46.7803945,(15) 99847-7295,
ChIJuxMZf5gbzpQRokmhvah_wIc,Palace's bar,"R. Gen. Mário Hermes da Fonseca, 16 - Esplanada dos Barreiros, São Vicente - SP, 11340-180, Brasil",São Vicente,casa noturna,5.0,1.0,-23.9566954,-46.4044844,(13) 99658-0608,
ChIJuzZxzvQpzpQR3cdTrUjlyxE,A Grande Família,"Av. Padre José de Anchieta, 401 - Jardim Santana, Mongaguá - SP, 11730-000, Brasil",Mongaguá,adega,5.0,2.0,-24.1241503,-46.6829612,(11) 95908-3776,
ChIJv2oZE6Mr0JQRekXLuwwjF6o,Drink's Bar,"R. Sapopemba, 6660 - Jd grandesp, Itanhaém - SP, 11740-000, Brasil",Itanhaém,Bar/Casa Noturna,4.5,22.0,-24.2079987,-46.858963,(11) 94969-1872,
ChIJv_KQj-kdzpQRGScJqisPkYQ,Embaixador Bar Balada pg,"Av. Mal. Mallet, 1190 - Canto do Forte, Praia Grande - SP, 11700-400, Brasil",Praia Grande,Bar/Casa Noturna,3.5,53.0,-24.0064561,-46.4066029,(13) 99636-6650,http://www.instagram.com/embaixadorbarpg?igsh=OGQ5=ZDc2ODk2ZA==
ChIJv_jww_AbzpQR7vr3GryPYTg,Adega do G,"R. Cap. Gregório de Freitas, 223 - Parque Sao Vicente, São Vicente - SP, 11360-060, Brasil",São Vicente,adega,5.0,1.0,-23.9566431,-46.3994495,(13) 99185-4090,
ChIJvywPxML_0ZQRooWJggXSD-s,Adega e tabacaria Porks,"Av. da Saudade, 26 - Jardim Sao Miguel, Guarujá - SP, 11440-180, Brasil",Guarujá,adega,5.0,3.0,-23.9901123,-46.24286439999999,(13) 99116-2210,
ChIJw3DEa-j9zZQRzMnhKRSIMKc,Boteco Ralfff,"R. João Ramalho, 1015 - Vila Clais, Bertioga - SP, 11250-000, Brasil",Bertioga,bar,4.5,23.0,-23.844466,-46.1330532,(11) 98196-5277,
ChIJw3sLEgAr0JQRnevIo8a2nkQ,Adega e Tabacaria Premium,"Av. Gonçalo Monteiro, 459 - Gaivota, Itanhaém - SP, 11740-000, Brasil",Itanhaém,adega,5.0,6.0,-24.204987,-46.83412,(13) 98225-7321,https://m.facebook.com/AdegaeTabacariaPremium
ChIJw45zaAAhzpQR4_txbhYKSi0,Toca lounge,"Av. Diamantino Cruz Ferreira Mourão, 112 - Balneario Pires, Praia Grande - SP, 11712-005, Brasil",Mongaguá,casa noturna,,,-24.0394811,-46.5219696,,
ChIJwT-uI-YrzpQRKSn3MYvveQY,Castelinho drink’s,"R. Maria Benedita M Poitena, 220 - Sabaúna, Itanhaém - SP, 11740-000, Brasil",Itanhaém,casa noturna,4.8,8.0,-24.1833525,-46.8211753,(13) 99603-0925,https://www.castelinhodrinksitanhaem.com.br/inicio
ChIJwYTEMXIl0JQRRkonsF4zsB4,Sport Bar,"Av. Padre Anchieta, 250 - Centro, Peruíbe - SP, 11750-000, Brasil",Peruíbe,bar,4.8,30.0,-24.3277829,-47.0027189,,https://www.facebook.com/sportbarperuibe/
ChIJwf-4DoARzpQRU_1TMkwhS6M,Criminal Lounge,"Av. das Nações Unidas, 751 - Vila Nova, Cubatão - SP, 11525-060, Brasil",Cubatão,casa noturna,5.0,1.0,-23.8949956,-46.42871419999999,,
ChIJwwApS9YfzpQRaog5J1fo-G4,PIT STOP - BEBIDAS PRAIA GRANDE I ⭐⭐⭐⭐⭐ ️ ️ ️ ️ ️,"Av. do Trabalhador, 1513 - Vila Antartica, Praia Grande - SP, 11723-000, Brasil",Praia Grande,adega,4.5,123.0,-24.0061255,-46.443722,(13) 97402-1746,https://www.instagram.com/pitstopbebidas013/
ChIJwwxz7Sz9zZQRST_KZgWLbq4,Adega da Vila,"R. da Saudade, 104 - Centro, Bertioga - SP, 11250-036, Brasil",Bertioga,adega,5.0,22.0,-23.8530341,-46.1388162,(13) 99676-0480,
ChIJx1ip7n8DzpQRZ2wZhK6eVFw,Ninfas Night Club,"R. João Pessoa, 212 - Centro, Santos - SP, 11013-002, Brasil",Santos,casa noturna,4.4,138.0,-23.9355592,-46.3250027,(13) 98199-9881,http://www.ninfasnightclub.com.br/
ChIJxTXEIIj7zZQRf3PRmgQgxjk,Adega e Disk Água Neves,"R. Dr. Rodrigues Alves, 135 - Jd Paulista, Bertioga - SP, 11250-000, Brasil",Bertioga,adega,4.3,46.0,-23.8394473,-46.132649,(13) 99779-8326,https://www.facebook.com/Disk-%C3%81gua-Neves-260946784115736/
ChIJxTf8ILQdzpQRmbRibcNa5no,Donna G,"Av. Pres. Castelo Branco, 36 - Guilhermina, Praia Grande - SP, 11701-750, Brasil",Praia Grande,Bar/Casa Noturna,4.4,1732.0,-24.0156542,-46.43025550000001,(13) 3474-5229,https://www.instagram.com/donnaguilherminabar/
ChIJxUSuV5UfzpQRvJM48VPar-w,Adega Tupi,"Av. Pres. Kennedy, 5870 - Vila Tupi, Praia Grande - SP, 11703-200, Brasil",Praia Grande,adega,4.8,78.0,-24.0200407,-46.464324,(13) 99759-5548,https://app.cardapioweb.com/adega_tupi
ChIJxWY2Z7AnzpQRnKbiDxJoINI,ADEGA E TABACARIA ORDOÑEZ,"Av. São Luís, 511 - Vila Atlântica, Mongaguá - SP, 11730-000, Brasil",Mongaguá,adega,4.7,25.0,-24.1045902,-46.6465269,(13) 98224-0321,https://instagram.com/adegaordonez?utm_medium=copy_link
ChIJxcmGcqsB0pQR0_csRtWPEFo,Balada Prime,"Estrada de Pernambuco, 2219 - Jardim Enseada, Guarujá - SP, 11410-460, Brasil",Guarujá,casa noturna,3.7,26.0,-23.9813072,-46.1972214,(13) 99767-1059,https://www.instagram.com/primeguaruja/
ChIJxfZ9V68dzpQR9eFme1lP3iw,Wicked House Clube,"R. Bento Viana, 246 - Próximo ao - centro de São Vicente, São Vicente - SP, 11310-220, Brasil",São Vicente,casa noturna,4.8,13.0,-23.969306,-46.3926573,(13) 98139-8234,https://www.instagram.com/wickedhouse_?igsh=bGRqbXlhMG9lY3Zr&utm_source=qr
ChIJxwGA-O7_0ZQR1R7Twa_VkDk,Karikatur Hamburgueria no Guarujá,"Av. Mal. Deodoro da Fonseca, Praia das Pitangueiras, 1096 - Centro, Guarujá - SP, 11410-223, Brasil",Guarujá,bar,4.4,121.0,-23.9981389,-46.2592581,(13) 97420-1713,https://instagram.com/karikaturbarelounge?igshid=3zw8xvp714rc
ChIJyS7-R9v_0ZQRsZil0TI_RM0,St. John's Beer Store & Pub,"R. Argentina, 36 - Jardim Vitoria, Guarujá - SP, 11440-370, Brasil",Guarujá,bar,4.6,2423.0,-23.987337,-46.2342539,(13) 3324-1157,https://www.stjohnsenseada.com.br/?utm_source=google&utm_medium=wix_google_business_profile&utm_campaign=15234261277873851413
ChIJyXW-TAwfzpQRbKX38IJ9jcI,Prime hookah lounge,"Rua Euripides - R. Eurípedes Barsanulfo, 38 - Campo de aviação, Praia Grande - SP, 11702-395, Brasil",Praia Grande,casa noturna,4.3,7.0,-24.0109058,-46.4405356,(13) 99161-5258,https://instagram.com/prime_hookahloungepg?utm_medium=copy_link
ChIJyaEZU_rV0ZQRIXoY1Ir1jNs,Adega Drinks 2,"R. Peruíbe, N° 605 - Praia dos Sonhos, Itanhaém - SP, 11740-000, Brasil",Itanhaém,adega,4.9,43.0,-24.1957197,-46.8091598,(11) 91247-6607,
ChIJye9EieDV0ZQRB-Z9NBXMYqc,Edu Bar & Petiscaria,"R. Antonio Olivio de Araujo, 47 - Centro, Itanhaém - SP, 11740-000, Brasil",Itanhaém,bar,4.8,190.0,-24.1837014,-46.7900614,(13) 99680-6883,
ChIJyf8r20__0ZQRW7Dey69daK0,Varandas Bar - Guarujá,"R. Rio de Janeiro, 263 - Barra Funda, Guarujá - SP, 11410-330, Brasil",Guarujá,bar,4.4,98.0,-23.9967816,-46.2610298,(13) 3513-6784,https://www.instagram.com/varandasbarguaruja
ChIJyxdsX2j9zZQRAuCNgvJGpvk,Villa Caicara Boteco - bar e restaurante com musica ao vivo,"Av. Vicente de Carvalho, 20 - Centro, Bertioga - SP, 11250-045, Brasil",Bertioga,bar,4.6,110.0,-23.8550009,-46.1388903,(11) 94145-4752,
ChIJyzJGoEURzpQR3n-DlyKSXoo,The Cartel | Lounge Pub,"R. 25 de Dezembro, 236 - Vila Natal, Cubatão - SP, 11538-000, Brasil",Cubatão,bar,5.0,8.0,-23.8967439,-46.4328819,,https://instagram.com/thecartell013?igshid=YmMyMTA2M2Y=
ChIJz1PTFxgA0pQRYz5bBBmIXXE,Bia Drinks Enseada Night Club,"R. Valter Papsch, 80 - Jardim Virginia, Guarujá - SP, 11442-170, Brasil",Guarujá,casa noturna,4.4,19.0,-23.9743171,-46.2109356,(13) 99664-2689,
ChIJz4lLBLgdzpQRfyDeoeuHfgA,A Ilha Night Club,"Al. Paulo Gonçalves, 796 - Ilha Porchat, São Vicente - SP, 11320-350, Brasil",Cubatão,casa noturna,4.7,71.0,-23.9808538,-46.3694229,(13) 3469-6727,
ChIJz61BOMEbzpQRuDab_hQv_lc,Adega SC Drinks,"R. Santa Júlia, 821 - Vila dos Pescadores, Cubatão - SP, 11531-010, Brasil",Cubatão,adega,4.8,4.0,-23.9262678,-46.3991238,,
ChIJz9lQgAL7zZQR_h7IpAS2BVk,PINK HOUSE DRINKS SOB NOVA DIREÇÃO,"R. Enseada 4 - Jardim Rafael, Bertioga - SP, 11250-000, Brasil",Bertioga,Bar/Casa Noturna,4.1,88.0,-23.8133746,-46.0919049,(13) 99175-4166,https://instagram.com/casa_rosa01?igshid=NDk5N2NlZjQ=
ChIJzQVxX0rV0ZQRQu21w9AtMXA,MANJUBA'S VIDEOBAR,"Av. Harry Forssell, 267 - Belas Artes, Itanhaém - SP, 11740-000, Brasil",Itanhaém,casa noturna,4.4,112.0,-24.1917589,-46.81215419999999,,https://www.facebook.com/Manjubasvideobar1/photos/a.680386078762326/976836932450571/?type=3&theater
ChIJzbYOmCLV0ZQRkqq4NZa3HMw,Madah Espeto Bar,"Praça Carlos Botelho, 11 - Centro, Itanhaém - SP, 11740-000, Brasil",Itanhaém,Bar/Casa Noturna,4.2,579.0,-24.1835516,-46.7894887,(13) 98133-7885,https://www.facebook.com/madah.espetobar/
ChIJzcBy15cdzpQRP6LbiGmz5RY,Zeus Adega e Tabacaria Tude,"R. Eng. Antonio Lotufo, 595 - Sítio do Campo, Praia Grande - SP, 11725-020, Brasil",Praia Grande,adega,5.0,5.0,-23.9990016,-46.4216826,(13) 98195-3919,http://cardapiozeusadegatude.ola.click/
ChIJzcNQp3wpzpQRZuWoof8aEnI,Adega Brasil 385,"Av. Brasil, 385 - Balneário Flórida Mirim, Mongaguá - SP, 11730-000, Brasil",Mongaguá,adega,4.8,18.0,-24.1337112,-46.7077879,(13) 99781-7738,
